Unit ID,Learning Unit,Verb Category,Conjugation Group,Verb,Gerundi,Participi,Example Sentence,Present,Perfet,Imperfet,Passat perifràstic,Futur,Condicional,Imperatiu,Present de subjuntiu,Spanish,Arabic,English,Notes
U01,Foundations & Everyday Basics,Irregular,-ar,anar,anant,anat,Demà vaig a la biblioteca després de classe.,"jo: vaig
tu: vas
ell / ella / vostè: va
nosaltres: anem
vosaltres: aneu
ells / elles / vostès: van","jo: he anat
tu: has anat
ell / ella / vostè: ha anat
nosaltres: hem anat
vosaltres: heu anat
ells / elles / vostès: han anat","jo: anava
tu: anaves
ell / ella / vostè: anava
nosaltres: anàvem
vosaltres: anàveu
ells / elles / vostès: anaven","jo: vaig anar
tu: vas anar
ell / ella / vostè: va anar
nosaltres: vam anar
vosaltres: vau anar
ells / elles / vostès: van anar","jo: aniré
tu: aniràs
ell / ella / vostè: anirà
nosaltres: anirem
vosaltres: anireu
ells / elles / vostès: aniran","jo: aniria
tu: aniries
ell / ella / vostè: aniria
nosaltres: aniríem
vosaltres: aniríeu
ells / elles / vostès: anirien","vés
vagi
anem
aneu
vagin","jo: vagi
tu: vagis
ell / ella / vostè: vagi
nosaltres: anem
vosaltres: aneu
ells / elles / vostès: vagin",ir,يذهب,to go,
U01,Foundations & Everyday Basics,Irregular,-ar,estar,estant,estat,Avui estic a casa estudiant.,"jo: estic
tu: estàs
ell / ella / vostè: està
nosaltres: estem
vosaltres: esteu
ells / elles / vostès: estan","jo: he estat
tu: has estat
ell / ella / vostè: ha estat
nosaltres: hem estat
vosaltres: heu estat
ells / elles / vostès: han estat","jo: estava
tu: estaves
ell / ella / vostè: estava
nosaltres: estàvem
vosaltres: estàveu
ells / elles / vostès: estaven","jo: vaig estar
tu: vas estar
ell / ella / vostè: va estar
nosaltres: vam estar
vosaltres: vau estar
ells / elles / vostès: van estar","jo: estaré
tu: estaràs
ell / ella / vostè: estarà
nosaltres: estarem
vosaltres: estareu
ells / elles / vostès: estaran","jo: estaria
tu: estaries
ell / ella / vostè: estaria
nosaltres: estaríem
vosaltres: estaríeu
ells / elles / vostès: estarien","estigues
estigui
estiguem
estigueu
estiguin","jo: estigui
tu: estiguis
ell / ella / vostè: estigui
nosaltres: estiguem
vosaltres: estigueu
ells / elles / vostès: estiguin",estar,يكون / يوجد,to be,
U01,Foundations & Everyday Basics,Irregular,-er/-re,conèixer,coneixent,conegut,Conec una professora molt bona de català.,"jo: conec
tu: coneixes
ell / ella / vostè: coneix
nosaltres: coneixem
vosaltres: coneixeu
ells / elles / vostès: coneixen","jo: he conegut
tu: has conegut
ell / ella / vostè: ha conegut
nosaltres: hem conegut
vosaltres: heu conegut
ells / elles / vostès: han conegut","jo: coneixia
tu: coneixies
ell / ella / vostè: coneixia
nosaltres: coneixíem
vosaltres: coneixíeu
ells / elles / vostès: coneixien","jo: vaig conèixer
tu: vas conèixer
ell / ella / vostè: va conèixer
nosaltres: vam conèixer
vosaltres: vau conèixer
ells / elles / vostès: van conèixer","jo: coneixeré
tu: coneixeràs
ell / ella / vostè: coneixerà
nosaltres: coneixerem
vosaltres: coneixereu
ells / elles / vostès: coneixeran","jo: coneixeria
tu: coneixeries
ell / ella / vostè: coneixeria
nosaltres: coneixeríem
vosaltres: coneixeríeu
ells / elles / vostès: coneixerien","coneix
conegui
coneguem
coneixeu
coneguin","jo: conegui
tu: coneguis
ell / ella / vostè: conegui
nosaltres: coneguem
vosaltres: conegueu
ells / elles / vostès: coneguin",conocer,يعرف,to know; meet,
U01,Foundations & Everyday Basics,Irregular,-er/-re,creure,creient,cregut,Crec que demà plourà.,"jo: crec
tu: creus
ell / ella / vostè: creu
nosaltres: creiem
vosaltres: creieu
ells / elles / vostès: creuen","jo: he cregut
tu: has cregut
ell / ella / vostè: ha cregut
nosaltres: hem cregut
vosaltres: heu cregut
ells / elles / vostès: han cregut","jo: creia
tu: creies
ell / ella / vostè: creia
nosaltres: crèiem
vosaltres: crèieu
ells / elles / vostès: creien","jo: vaig creure
tu: vas creure
ell / ella / vostè: va creure
nosaltres: vam creure
vosaltres: vau creure
ells / elles / vostès: van creure","jo: creuré
tu: creuràs
ell / ella / vostè: creurà
nosaltres: creurem
vosaltres: creureu
ells / elles / vostès: creuran","jo: creuria
tu: creuries
ell / ella / vostè: creuria
nosaltres: creuríem
vosaltres: creuríeu
ells / elles / vostès: creurien","creu
cregui
creguem
creieu
creguin","jo: cregui
tu: creguis
ell / ella / vostè: cregui
nosaltres: creguem
vosaltres: cregueu
ells / elles / vostès: creguin",creer,يعتقد,to believe,
U01,Foundations & Everyday Basics,Irregular,-er/-re,fer,fent,fet,1) Fa els deures cada tarda. 2) Demà faré un pastís.,"jo: faig
tu: fas
ell / ella / vostè: fa
nosaltres: fem
vosaltres: feu
ells / elles / vostès: fan","jo: he fet
tu: has fet
ell / ella / vostè: ha fet
nosaltres: hem fet
vosaltres: heu fet
ells / elles / vostès: han fet","jo: feia
tu: feies
ell / ella / vostè: feia
nosaltres: fèiem
vosaltres: fèieu
ells / elles / vostès: feien","jo: vaig fer
tu: vas fer
ell / ella / vostè: va fer
nosaltres: vam fer
vosaltres: vau fer
ells / elles / vostès: van fer","jo: faré
tu: faràs
ell / ella / vostè: farà
nosaltres: farem
vosaltres: fareu
ells / elles / vostès: faran","jo: faria
tu: faries
ell / ella / vostè: faria
nosaltres: faríem
vosaltres: faríeu
ells / elles / vostès: farien","fes
faci
fem
feu
facin","jo: faci
tu: facis
ell / ella / vostè: faci
nosaltres: fem
vosaltres: feu
ells / elles / vostès: facin",hacer,يفعل,to do; make,
U01,Foundations & Everyday Basics,Irregular,-er/-re,poder,podent,pogut,No puc venir perquè treballo.,"jo: puc
tu: pots
ell / ella / vostè: pot
nosaltres: podem
vosaltres: podeu
ells / elles / vostès: poden","jo: he pogut
tu: has pogut
ell / ella / vostè: ha pogut
nosaltres: hem pogut
vosaltres: heu pogut
ells / elles / vostès: han pogut","jo: podia
tu: podies
ell / ella / vostè: podia
nosaltres: podíem
vosaltres: podíeu
ells / elles / vostès: podien","jo: vaig poder
tu: vas poder
ell / ella / vostè: va poder
nosaltres: vam poder
vosaltres: vau poder
ells / elles / vostès: van poder","jo: podré
tu: podràs
ell / ella / vostè: podrà
nosaltres: podrem
vosaltres: podreu
ells / elles / vostès: podran","jo: podria
tu: podries
ell / ella / vostè: podria
nosaltres: podríem
vosaltres: podríeu
ells / elles / vostès: podrien","pugues
pugui
puguem
pugueu
puguin","jo: pugui
tu: puguis
ell / ella / vostè: pugui
nosaltres: puguem
vosaltres: pugueu
ells / elles / vostès: puguin",poder,يستطيع,can; to be able to,
U01,Foundations & Everyday Basics,Irregular,-er/-re,saber,sabent,sabut,1) Sé la resposta. 2) No sé cuinar gaire bé.,"jo: sé
tu: saps
ell / ella / vostè: sap
nosaltres: sabem
vosaltres: sabeu
ells / elles / vostès: saben","jo: he sabut
tu: has sabut
ell / ella / vostè: ha sabut
nosaltres: hem sabut
vosaltres: heu sabut
ells / elles / vostès: han sabut","jo: sabia
tu: sabies
ell / ella / vostè: sabia
nosaltres: sabíem
vosaltres: sabíeu
ells / elles / vostès: sabien","jo: vaig saber
tu: vas saber
ell / ella / vostè: va saber
nosaltres: vam saber
vosaltres: vau saber
ells / elles / vostès: van saber","jo: sabré
tu: sabràs
ell / ella / vostè: sabrà
nosaltres: sabrem
vosaltres: sabreu
ells / elles / vostès: sabran","jo: sabria
tu: sabries
ell / ella / vostè: sabria
nosaltres: sabríem
vosaltres: sabríeu
ells / elles / vostès: sabrien","sàpigues
sàpiga
sapiguem
sapigueu
sàpiguen","jo: sàpiga
tu: sàpigues
ell / ella / vostè: sàpiga
nosaltres: sapiguem
vosaltres: sapigueu
ells / elles / vostès: sàpiguen",saber,يعرف,to know,
U01,Foundations & Everyday Basics,Irregular,-er/-re,ser/ésser,sent / essent,sigut/estat,1) La Marta és metgessa. 2) Som a l’hivern.,"jo: sóc
tu: ets
ell / ella / vostè: és
nosaltres: som
vosaltres: sou
ells / elles / vostès: són","jo: he sigut/estat
tu: has sigut/estat
ell / ella / vostè: ha sigut/estat
nosaltres: hem sigut/estat
vosaltres: heu sigut/estat
ells / elles / vostès: han sigut/estat","jo: era
tu: eres
ell / ella / vostè: era
nosaltres: érem
vosaltres: éreu
ells / elles / vostès: eren","jo: vaig ser
tu: vas ser
ell / ella / vostè: va ser
nosaltres: vam ser
vosaltres: vau ser
ells / elles / vostès: van ser","jo: seré
tu: seràs
ell / ella / vostè: serà
nosaltres: serem
vosaltres: sereu
ells / elles / vostès: seran","jo: seria
tu: series
ell / ella / vostè: seria
nosaltres: seríem
vosaltres: seríeu
ells / elles / vostès: serien","sigues
sigui
siguem
sigueu
siguin","jo: sigui
tu: siguis
ell / ella / vostè: sigui
nosaltres: siguem
vosaltres: sigueu
ells / elles / vostès: siguin",ser,يكون,to be,
U01,Foundations & Everyday Basics,Irregular,-er/-re,veure,veient,vist,1) Veig el mar des de la finestra. 2) Ens veiem demà.,"jo: veig
tu: veus
ell / ella / vostè: veu
nosaltres: veiem
vosaltres: veieu
ells / elles / vostès: veuen","jo: he vist
tu: has vist
ell / ella / vostè: ha vist
nosaltres: hem vist
vosaltres: heu vist
ells / elles / vostès: han vist","jo: veia
tu: veies
ell / ella / vostè: veia
nosaltres: vèiem
vosaltres: vèieu
ells / elles / vostès: veien","jo: vaig veure
tu: vas veure
ell / ella / vostè: va veure
nosaltres: vam veure
vosaltres: vau veure
ells / elles / vostès: van veure","jo: veuré
tu: veuràs
ell / ella / vostè: veurà
nosaltres: veurem
vosaltres: veureu
ells / elles / vostès: veuran","jo: veuria
tu: veuries
ell / ella / vostè: veuria
nosaltres: veuríem
vosaltres: veuríeu
ells / elles / vostès: veurien","veges/ves
vegi
vegem
vegeu/veieu
vegin","jo: vegi
tu: vegis
ell / ella / vostè: vegi
nosaltres: vegem
vosaltres: vegeu
ells / elles / vostès: vegin",ver,يرى,to see,
U01,Foundations & Everyday Basics,Irregular,-er/-re,viure,vivint,viscut,Viu a Barcelona des de fa dos anys.,"jo: visc
tu: vius
ell / ella / vostè: viu
nosaltres: vivim
vosaltres: viviu
ells / elles / vostès: viuen","jo: he viscut
tu: has viscut
ell / ella / vostè: ha viscut
nosaltres: hem viscut
vosaltres: heu viscut
ells / elles / vostès: han viscut","jo: vivia
tu: vivies
ell / ella / vostè: vivia
nosaltres: vivíem
vosaltres: vivíeu
ells / elles / vostès: vivien","jo: vaig viure
tu: vas viure
ell / ella / vostè: va viure
nosaltres: vam viure
vosaltres: vau viure
ells / elles / vostès: van viure","jo: viuré
tu: viuràs
ell / ella / vostè: viurà
nosaltres: viurem
vosaltres: viureu
ells / elles / vostès: viuran","jo: viuria
tu: viuries
ell / ella / vostè: viuria
nosaltres: viuríem
vosaltres: viuríeu
ells / elles / vostès: viurien","viu
visqui
visquem
viviu
visquin","jo: visqui
tu: visquis
ell / ella / vostè: visqui
nosaltres: visquem
vosaltres: visqueu
ells / elles / vostès: visquin",vivir,يعيش,to live,
U01,Foundations & Everyday Basics,Irregular,-er/-re,voler,volent,volgut,1) Vull aprendre més vocabulari. 2) T’estimo i et vull molt.,"jo: vull
tu: vols
ell / ella / vostè: vol
nosaltres: volem
vosaltres: voleu
ells / elles / vostès: volen","jo: he volgut
tu: has volgut
ell / ella / vostè: ha volgut
nosaltres: hem volgut
vosaltres: heu volgut
ells / elles / vostès: han volgut","jo: volia
tu: volies
ell / ella / vostè: volia
nosaltres: volíem
vosaltres: volíeu
ells / elles / vostès: volien","jo: vaig voler
tu: vas voler
ell / ella / vostè: va voler
nosaltres: vam voler
vosaltres: vau voler
ells / elles / vostès: van voler","jo: voldré
tu: voldràs
ell / ella / vostè: voldrà
nosaltres: voldrem
vosaltres: voldreu
ells / elles / vostès: voldran","jo: voldria
tu: voldries
ell / ella / vostè: voldria
nosaltres: voldríem
vosaltres: voldríeu
ells / elles / vostès: voldrien","vulgues
vulgui
vulguem
vulgueu
vulguin","jo: vulgui
tu: vulguis
ell / ella / vostè: vulgui
nosaltres: vulguem
vosaltres: vulgueu
ells / elles / vostès: vulguin",querer,يريد,to want; love,
U01,Foundations & Everyday Basics,Irregular,-ir,dir,dient,dit,1) Sempre dic la veritat. 2) Com es diu això en català?,"jo: dic
tu: dius
ell / ella / vostè: diu
nosaltres: diem
vosaltres: dieu
ells / elles / vostès: diuen","jo: he dit
tu: has dit
ell / ella / vostè: ha dit
nosaltres: hem dit
vosaltres: heu dit
ells / elles / vostès: han dit","jo: deia
tu: deies
ell / ella / vostè: deia
nosaltres: dèiem
vosaltres: dèieu
ells / elles / vostès: deien","jo: vaig dir
tu: vas dir
ell / ella / vostè: va dir
nosaltres: vam dir
vosaltres: vau dir
ells / elles / vostès: van dir","jo: diré
tu: diràs
ell / ella / vostè: dirà
nosaltres: direm
vosaltres: direu
ells / elles / vostès: diran","jo: diria
tu: diries
ell / ella / vostè: diria
nosaltres: diríem
vosaltres: diríeu
ells / elles / vostès: dirien","digues
digui
diguem
digueu
diguin","jo: digui
tu: diguis
ell / ella / vostè: digui
nosaltres: diguem
vosaltres: digueu
ells / elles / vostès: diguin",decir,يقول,to say; tell,
U01,Foundations & Everyday Basics,Irregular,-ir,tenir,tenint,tingut,1) Tinc tres exàmens aquesta setmana. 2) Tenim gana.,"jo: tinc
tu: tens
ell / ella / vostè: té
nosaltres: tenim
vosaltres: teniu
ells / elles / vostès: tenen","jo: he tingut
tu: has tingut
ell / ella / vostè: ha tingut
nosaltres: hem tingut
vosaltres: heu tingut
ells / elles / vostès: han tingut","jo: tenia
tu: tenies
ell / ella / vostè: tenia
nosaltres: teníem
vosaltres: teníeu
ells / elles / vostès: tenien","jo: vaig tenir
tu: vas tenir
ell / ella / vostè: va tenir
nosaltres: vam tenir
vosaltres: vau tenir
ells / elles / vostès: van tenir","jo: tindré
tu: tindràs
ell / ella / vostè: tindrà
nosaltres: tindrem
vosaltres: tindreu
ells / elles / vostès: tindran","jo: tindria
tu: tindries
ell / ella / vostè: tindria
nosaltres: tindríem
vosaltres: tindríeu
ells / elles / vostès: tindrien","té/tingues
tingui
tinguem
teniu/tingueu
tinguin","jo: tingui
tu: tinguis
ell / ella / vostè: tingui
nosaltres: tinguem
vosaltres: tingueu
ells / elles / vostès: tinguin",tener,يملك,to have,
U01,Foundations & Everyday Basics,Irregular,-ir,venir,venint,vingut,1) Vens amb nosaltres? 2) Aquesta paraula ve del llatí.,Vegeu el model indicat a “Notes”.,Vegeu el model indicat a “Notes”.,Vegeu el model indicat a “Notes”.,Vegeu el model indicat a “Notes”.,Vegeu el model indicat a “Notes”.,Vegeu el model indicat a “Notes”.,Vegeu el model indicat a “Notes”.,Vegeu el model indicat a “Notes”.,venir,يأتي,to come,
U01,Foundations & Everyday Basics,Irregular,special,haver-hi,havent-hi,hagut,Hi ha molts estudiants a l’aula.,impers.: hi ha,impers.: hi ha hagut,impers.: hi havia,impers.: hi va haver,impers.: hi haurà,impers.: hi hauria,—,impers.: hi hagi,haber,يوجد,there is/are,
U01,Foundations & Everyday Basics,Regular,-ar,aixecar-se,aixecant-se,aixecat,Exemple pendent de revisió.,Vegeu el model indicat a “Notes”.,Vegeu el model indicat a “Notes”.,Vegeu el model indicat a “Notes”.,Vegeu el model indicat a “Notes”.,Vegeu el model indicat a “Notes”.,Vegeu el model indicat a “Notes”.,Vegeu el model indicat a “Notes”.,Vegeu el model indicat a “Notes”.,—,—,—,Model regular (-ar).
U01,Foundations & Everyday Basics,Regular,-ar,caminar,caminant,caminat,Exemple pendent de revisió.,Vegeu el model indicat a “Notes”.,Vegeu el model indicat a “Notes”.,Vegeu el model indicat a “Notes”.,Vegeu el model indicat a “Notes”.,Vegeu el model indicat a “Notes”.,Vegeu el model indicat a “Notes”.,Vegeu el model indicat a “Notes”.,Vegeu el model indicat a “Notes”.,—,—,—,Model regular (-ar).
U01,Foundations & Everyday Basics,Irregular,-ir,dir-se,dint-se,dit,Exemple pendent de revisió.,Vegeu el model indicat a “Notes”.,Vegeu el model indicat a “Notes”.,Vegeu el model indicat a “Notes”.,Vegeu el model indicat a “Notes”.,Vegeu el model indicat a “Notes”.,Vegeu el model indicat a “Notes”.,Vegeu el model indicat a “Notes”.,Vegeu el model indicat a “Notes”.,—,—,—,Revisar model irregular.
U01,Foundations & Everyday Basics,Irregular,-ar,donar,donant,donat,Exemple pendent de revisió.,Vegeu el model indicat a “Notes”.,Vegeu el model indicat a “Notes”.,Vegeu el model indicat a “Notes”.,Vegeu el model indicat a “Notes”.,Vegeu el model indicat a “Notes”.,Vegeu el model indicat a “Notes”.,Vegeu el model indicat a “Notes”.,Vegeu el model indicat a “Notes”.,—,—,—,Revisar model irregular.
U01,Foundations & Everyday Basics,Regular,-ar,llevar-se,llevant-se,llevat,Exemple pendent de revisió.,Vegeu el model indicat a “Notes”.,Vegeu el model indicat a “Notes”.,Vegeu el model indicat a “Notes”.,Vegeu el model indicat a “Notes”.,Vegeu el model indicat a “Notes”.,Vegeu el model indicat a “Notes”.,Vegeu el model indicat a “Notes”.,Vegeu el model indicat a “Notes”.,—,—,—,Model regular (-ar).
U01,Foundations & Everyday Basics,Regular,-ar,passejar,passejant,passejat,Exemple pendent de revisió.,Vegeu el model indicat a “Notes”.,Vegeu el model indicat a “Notes”.,Vegeu el model indicat a “Notes”.,Vegeu el model indicat a “Notes”.,Vegeu el model indicat a “Notes”.,Vegeu el model indicat a “Notes”.,Vegeu el model indicat a “Notes”.,Vegeu el model indicat a “Notes”.,—,—,—,Model regular (-ar).
U01,Foundations & Everyday Basics,Irregular,-ar,portar,portant,portat,Exemple pendent de revisió.,Vegeu el model indicat a “Notes”.,Vegeu el model indicat a “Notes”.,Vegeu el model indicat a “Notes”.,Vegeu el model indicat a “Notes”.,Vegeu el model indicat a “Notes”.,Vegeu el model indicat a “Notes”.,Vegeu el model indicat a “Notes”.,Vegeu el model indicat a “Notes”.,—,—,—,Revisar model irregular.
U01,Foundations & Everyday Basics,Irregular,-ar,posar,posant,posat,Exemple pendent de revisió.,Vegeu el model indicat a “Notes”.,Vegeu el model indicat a “Notes”.,Vegeu el model indicat a “Notes”.,Vegeu el model indicat a “Notes”.,Vegeu el model indicat a “Notes”.,Vegeu el model indicat a “Notes”.,Vegeu el model indicat a “Notes”.,Vegeu el model indicat a “Notes”.,—,—,—,Revisar model irregular.
U01,Foundations & Everyday Basics,Regular,-ar,preparar-se,preparant-se,preparat,Exemple pendent de revisió.,Vegeu el model indicat a “Notes”.,Vegeu el model indicat a “Notes”.,Vegeu el model indicat a “Notes”.,Vegeu el model indicat a “Notes”.,Vegeu el model indicat a “Notes”.,Vegeu el model indicat a “Notes”.,Vegeu el model indicat a “Notes”.,Vegeu el model indicat a “Notes”.,—,—,—,Model regular (-ar).
U02,"Work, Study & Admin Communication",Irregular,-ir,llegir,llegint,llegit,Llegeixo una mica en català cada vespre.,"jo: llegeixo
tu: llegeixes
ell / ella / vostè: llegeix
nosaltres: llegim
vosaltres: llegiu
ells / elles / vostès: llegeixen","jo: he llegit
tu: has llegit
ell / ella / vostè: ha llegit
nosaltres: hem llegit
vosaltres: heu llegit
ells / elles / vostès: han llegit","jo: llegia
tu: llegies
ell / ella / vostè: llegia
nosaltres: llegíem
vosaltres: llegíeu
ells / elles / vostès: llegien","jo: vaig llegir
tu: vas llegir
ell / ella / vostè: va llegir
nosaltres: vam llegir
vosaltres: vau llegir
ells / elles / vostès: van llegir","jo: llegiré
tu: llegiràs
ell / ella / vostè: llegirà
nosaltres: llegirem
vosaltres: llegireu
ells / elles / vostès: llegiran","jo: llegiria
tu: llegiries
ell / ella / vostè: llegiria
nosaltres: llegiríem
vosaltres: llegiríeu
ells / elles / vostès: llegirien","llegeix
llegeixi
llegim
llegiu
llegeixin","jo: llegeixi
tu: llegeixis
ell / ella / vostè: llegeixi
nosaltres: llegim
vosaltres: llegiu
ells / elles / vostès: llegeixin",leer,يقرأ,to read,
U02,"Work, Study & Admin Communication",Irregular,-er/-re,admetre,admetent,admès,Finalment ha admès l’error.,,,,,,,,,admitir,يعترف؛ يقبل,to admit,
U02,"Work, Study & Admin Communication",Irregular,-er/-re,aprendre,aprenent,après,Aprenc català cada dia.,Vegeu el model indicat a “Notes”.,Vegeu el model indicat a “Notes”.,Vegeu el model indicat a “Notes”.,Vegeu el model indicat a “Notes”.,Vegeu el model indicat a “Notes”.,Vegeu el model indicat a “Notes”.,Vegeu el model indicat a “Notes”.,Vegeu el model indicat a “Notes”.,aprender,يتعلّم,to learn,
U02,"Work, Study & Admin Communication",Irregular,-er/-re,comprendre,comprenent,comprès,No comprenc aquesta pregunta.,Vegeu el model indicat a “Notes”.,Vegeu el model indicat a “Notes”.,Vegeu el model indicat a “Notes”.,Vegeu el model indicat a “Notes”.,Vegeu el model indicat a “Notes”.,Vegeu el model indicat a “Notes”.,Vegeu el model indicat a “Notes”.,Vegeu el model indicat a “Notes”.,comprender,يفهم,to understand,
U02,"Work, Study & Admin Communication",Irregular,-er/-re,correspondre,corresponent,correspost,Aquesta feina no em correspon a mi.,Vegeu el model indicat a “Notes”.,Vegeu el model indicat a “Notes”.,Vegeu el model indicat a “Notes”.,Vegeu el model indicat a “Notes”.,Vegeu el model indicat a “Notes”.,Vegeu el model indicat a “Notes”.,Vegeu el model indicat a “Notes”.,Vegeu el model indicat a “Notes”.,corresponder,يناسب؛ يقابل,to correspond,
U02,"Work, Study & Admin Communication",Irregular,-er/-re,descriure,descrivint,descrit,Pots descriure la foto en dues frases?,Vegeu el model indicat a “Notes”.,Vegeu el model indicat a “Notes”.,Vegeu el model indicat a “Notes”.,Vegeu el model indicat a “Notes”.,Vegeu el model indicat a “Notes”.,Vegeu el model indicat a “Notes”.,Vegeu el model indicat a “Notes”.,Vegeu el model indicat a “Notes”.,describir,يصف,to describe,
U02,"Work, Study & Admin Communication",Irregular,-er/-re,entendre,entenent,entès,Ara entenc millor el present de subjuntiu.,"jo: entenc
tu: entens
ell / ella / vostè: entén
nosaltres: entenem
vosaltres: enteneu
ells / elles / vostès: entenen","jo: he entès
tu: has entès
ell / ella / vostè: ha entès
nosaltres: hem entès
vosaltres: heu entès
ells / elles / vostès: han entès","jo: entenia
tu: entenies
ell / ella / vostè: entenia
nosaltres: enteníem
vosaltres: enteníeu
ells / elles / vostès: entenien","jo: vaig entendre
tu: vas entendre
ell / ella / vostè: va entendre
nosaltres: vam entendre
vosaltres: vau entendre
ells / elles / vostès: van entendre","jo: entendré
tu: entendràs
ell / ella / vostè: entendrà
nosaltres: entendrem
vosaltres: entendreu
ells / elles / vostès: entendran","jo: entendria
tu: entendries
ell / ella / vostè: entendria
nosaltres: entendríem
vosaltres: entendríeu
ells / elles / vostès: entendrien","entén
entengui
entenguem
enteneu
entenguin","jo: entengui
tu: entenguis
ell / ella / vostè: entengui
nosaltres: entenguem
vosaltres: entengueu
ells / elles / vostès: entenguin",entender,يفهم,to understand,
U02,"Work, Study & Admin Communication",Irregular,-er/-re,escriure,escrivint,escrit,Escric frases noves al quadern.,"jo: escric
tu: escrius
ell / ella / vostè: escriu
nosaltres: escrivim
vosaltres: escriviu
ells / elles / vostès: escriuen","jo: he escrit
tu: has escrit
ell / ella / vostè: ha escrit
nosaltres: hem escrit
vosaltres: heu escrit
ells / elles / vostès: han escrit","jo: escrivia
tu: escrivies
ell / ella / vostè: escrivia
nosaltres: escrivíem
vosaltres: escrivíeu
ells / elles / vostès: escrivien","jo: vaig escriure
tu: vas escriure
ell / ella / vostè: va escriure
nosaltres: vam escriure
vosaltres: vau escriure
ells / elles / vostès: van escriure","jo: escriuré
tu: escriuràs
ell / ella / vostè: escriurà
nosaltres: escriurem
vosaltres: escriureu
ells / elles / vostès: escriuran","jo: escriuria
tu: escriuries
ell / ella / vostè: escriuria
nosaltres: escriuríem
vosaltres: escriuríeu
ells / elles / vostès: escriurien","escriu
escrigui
escriguem
escriviu
escriguin","jo: escrigui
tu: escriguis
ell / ella / vostè: escrigui
nosaltres: escriguem
vosaltres: escrigueu
ells / elles / vostès: escriguin",escribir,يكتب,to write,
U02,"Work, Study & Admin Communication",Irregular,-er/-re,pretendre,pretenent,pretès,Pretén acabar avui mateix.,Vegeu el model indicat a “Notes”.,Vegeu el model indicat a “Notes”.,Vegeu el model indicat a “Notes”.,Vegeu el model indicat a “Notes”.,Vegeu el model indicat a “Notes”.,Vegeu el model indicat a “Notes”.,Vegeu el model indicat a “Notes”.,Vegeu el model indicat a “Notes”.,pretender,ينوي؛ يدّعي,to intend; claim,
U02,"Work, Study & Admin Communication",Irregular,-er/-re,resoldre,resolent,resolt,Hem de resoldre aquest exercici ara.,"jo: resolc
tu: resols
ell / ella / vostè: resol
nosaltres: resolem
vosaltres: resoleu
ells / elles / vostès: resolen","jo: he resolt
tu: has resolt
ell / ella / vostè: ha resolt
nosaltres: hem resolt
vosaltres: heu resolt
ells / elles / vostès: han resolt","jo: resolia
tu: resolies
ell / ella / vostè: resolia
nosaltres: resolíem
vosaltres: resolíeu
ells / elles / vostès: resolien","jo: vaig resoldre
tu: vas resoldre
ell / ella / vostè: va resoldre
nosaltres: vam resoldre
vosaltres: vau resoldre
ells / elles / vostès: van resoldre","jo: resoldré
tu: resoldràs
ell / ella / vostè: resoldrà
nosaltres: resoldrem
vosaltres: resoldreu
ells / elles / vostès: resoldran","jo: resoldria
tu: resoldries
ell / ella / vostè: resoldria
nosaltres: resoldríem
vosaltres: resoldríeu
ells / elles / vostès: resoldrien","resol
resolgui
resolguem
resoleu
resolguin","jo: resolgui
tu: resolguis
ell / ella / vostè: resolgui
nosaltres: resolguem
vosaltres: resolgueu
ells / elles / vostès: resolguin",resolver,يحلّ,to solve; resolve,
U02,"Work, Study & Admin Communication",Irregular,-er/-re,respondre,responent,respost,Respon les preguntes amb frases completes.,Vegeu el model indicat a “Notes”.,Vegeu el model indicat a “Notes”.,Vegeu el model indicat a “Notes”.,Vegeu el model indicat a “Notes”.,Vegeu el model indicat a “Notes”.,Vegeu el model indicat a “Notes”.,Vegeu el model indicat a “Notes”.,Vegeu el model indicat a “Notes”.,responder,يجيب,to answer,
U02,"Work, Study & Admin Communication",Irregular,-er/-re,suspendre,suspenent,suspès,Ha suspès l’examen de conduir.,Vegeu el model indicat a “Notes”.,Vegeu el model indicat a “Notes”.,Vegeu el model indicat a “Notes”.,Vegeu el model indicat a “Notes”.,Vegeu el model indicat a “Notes”.,Vegeu el model indicat a “Notes”.,Vegeu el model indicat a “Notes”.,Vegeu el model indicat a “Notes”.,suspender,يرسب؛ يعلّق,to fail; suspend,
U02,"Work, Study & Admin Communication",Irregular,-ir,establir,establint,establert,L’empresa vol establir noves normes.,,,,,,,,,establecer,يؤسس,to establish,
U02,"Work, Study & Admin Communication",Irregular,-ir,imprimir,imprimint,imprès,He imprès els apunts per estudiar.,,,,,,,,,imprimir,يطبع,to print,
U02,"Work, Study & Admin Communication",Regular,-ir,aclarir,aclarint,aclarit,Exemple pendent de revisió.,Vegeu el model indicat a “Notes”.,Vegeu el model indicat a “Notes”.,Vegeu el model indicat a “Notes”.,Vegeu el model indicat a “Notes”.,Vegeu el model indicat a “Notes”.,Vegeu el model indicat a “Notes”.,Vegeu el model indicat a “Notes”.,Vegeu el model indicat a “Notes”.,—,—,—,Model regular (-ir).
U02,"Work, Study & Admin Communication",Regular,-ar,anunciar,anunciant,anunciat,Exemple pendent de revisió.,Vegeu el model indicat a “Notes”.,Vegeu el model indicat a “Notes”.,Vegeu el model indicat a “Notes”.,Vegeu el model indicat a “Notes”.,Vegeu el model indicat a “Notes”.,Vegeu el model indicat a “Notes”.,Vegeu el model indicat a “Notes”.,Vegeu el model indicat a “Notes”.,—,—,—,Model regular (-ar).
U02,"Work, Study & Admin Communication",Regular,-ar,comentar,comentant,comentat,Exemple pendent de revisió.,Vegeu el model indicat a “Notes”.,Vegeu el model indicat a “Notes”.,Vegeu el model indicat a “Notes”.,Vegeu el model indicat a “Notes”.,Vegeu el model indicat a “Notes”.,Vegeu el model indicat a “Notes”.,Vegeu el model indicat a “Notes”.,Vegeu el model indicat a “Notes”.,—,—,—,Model regular (-ar).
U02,"Work, Study & Admin Communication",Regular,-ar,comunicar-se,comunicant-se,comunicat,Exemple pendent de revisió.,Vegeu el model indicat a “Notes”.,Vegeu el model indicat a “Notes”.,Vegeu el model indicat a “Notes”.,Vegeu el model indicat a “Notes”.,Vegeu el model indicat a “Notes”.,Vegeu el model indicat a “Notes”.,Vegeu el model indicat a “Notes”.,Vegeu el model indicat a “Notes”.,—,—,—,Model regular (-ar).
U02,"Work, Study & Admin Communication",Regular,-ar,connectar,connectant,connectat,Exemple pendent de revisió.,Vegeu el model indicat a “Notes”.,Vegeu el model indicat a “Notes”.,Vegeu el model indicat a “Notes”.,Vegeu el model indicat a “Notes”.,Vegeu el model indicat a “Notes”.,Vegeu el model indicat a “Notes”.,Vegeu el model indicat a “Notes”.,Vegeu el model indicat a “Notes”.,—,—,—,Model regular (-ar).
U02,"Work, Study & Admin Communication",Regular,-ar,contestar,contestant,contestat,Exemple pendent de revisió.,Vegeu el model indicat a “Notes”.,Vegeu el model indicat a “Notes”.,Vegeu el model indicat a “Notes”.,Vegeu el model indicat a “Notes”.,Vegeu el model indicat a “Notes”.,Vegeu el model indicat a “Notes”.,Vegeu el model indicat a “Notes”.,Vegeu el model indicat a “Notes”.,—,—,—,Model regular (-ar).
U02,"Work, Study & Admin Communication",Regular,-ar,copiar,copiant,copiat,Exemple pendent de revisió.,Vegeu el model indicat a “Notes”.,Vegeu el model indicat a “Notes”.,Vegeu el model indicat a “Notes”.,Vegeu el model indicat a “Notes”.,Vegeu el model indicat a “Notes”.,Vegeu el model indicat a “Notes”.,Vegeu el model indicat a “Notes”.,Vegeu el model indicat a “Notes”.,—,—,—,Model regular (-ar).
U02,"Work, Study & Admin Communication",Regular,-ar,descarregar,descarregant,descarregat,Exemple pendent de revisió.,Vegeu el model indicat a “Notes”.,Vegeu el model indicat a “Notes”.,Vegeu el model indicat a “Notes”.,Vegeu el model indicat a “Notes”.,Vegeu el model indicat a “Notes”.,Vegeu el model indicat a “Notes”.,Vegeu el model indicat a “Notes”.,Vegeu el model indicat a “Notes”.,—,—,—,Model regular (-ar).
U02,"Work, Study & Admin Communication",Regular,-ir,discutir,discutint,discutit,Exemple pendent de revisió.,Vegeu el model indicat a “Notes”.,Vegeu el model indicat a “Notes”.,Vegeu el model indicat a “Notes”.,Vegeu el model indicat a “Notes”.,Vegeu el model indicat a “Notes”.,Vegeu el model indicat a “Notes”.,Vegeu el model indicat a “Notes”.,Vegeu el model indicat a “Notes”.,—,—,—,Model regular (-ir).
U02,"Work, Study & Admin Communication",Regular,-ar,enganxar,enganxant,enganxat,Exemple pendent de revisió.,Vegeu el model indicat a “Notes”.,Vegeu el model indicat a “Notes”.,Vegeu el model indicat a “Notes”.,Vegeu el model indicat a “Notes”.,Vegeu el model indicat a “Notes”.,Vegeu el model indicat a “Notes”.,Vegeu el model indicat a “Notes”.,Vegeu el model indicat a “Notes”.,—,—,—,Model regular (-ar).
U02,"Work, Study & Admin Communication",Regular,-ar,enviar,enviant,enviat,Exemple pendent de revisió.,Vegeu el model indicat a “Notes”.,Vegeu el model indicat a “Notes”.,Vegeu el model indicat a “Notes”.,Vegeu el model indicat a “Notes”.,Vegeu el model indicat a “Notes”.,Vegeu el model indicat a “Notes”.,Vegeu el model indicat a “Notes”.,Vegeu el model indicat a “Notes”.,—,—,—,Model regular (-ar).
U02,"Work, Study & Admin Communication",Regular,-ar,explicar,explicant,explicat,Exemple pendent de revisió.,Vegeu el model indicat a “Notes”.,Vegeu el model indicat a “Notes”.,Vegeu el model indicat a “Notes”.,Vegeu el model indicat a “Notes”.,Vegeu el model indicat a “Notes”.,Vegeu el model indicat a “Notes”.,Vegeu el model indicat a “Notes”.,Vegeu el model indicat a “Notes”.,—,—,—,Model regular (-ar).
U02,"Work, Study & Admin Communication",Regular,-ar,expressar,expressant,expressat,Exemple pendent de revisió.,Vegeu el model indicat a “Notes”.,Vegeu el model indicat a “Notes”.,Vegeu el model indicat a “Notes”.,Vegeu el model indicat a “Notes”.,Vegeu el model indicat a “Notes”.,Vegeu el model indicat a “Notes”.,Vegeu el model indicat a “Notes”.,Vegeu el model indicat a “Notes”.,—,—,—,Model regular (-ar).
U02,"Work, Study & Admin Communication",Regular,-ar,mencionar,mencionant,mencionat,Exemple pendent de revisió.,Vegeu el model indicat a “Notes”.,Vegeu el model indicat a “Notes”.,Vegeu el model indicat a “Notes”.,Vegeu el model indicat a “Notes”.,Vegeu el model indicat a “Notes”.,Vegeu el model indicat a “Notes”.,Vegeu el model indicat a “Notes”.,Vegeu el model indicat a “Notes”.,—,—,—,Model regular (-ar).
U02,"Work, Study & Admin Communication",Regular,-ar,oblidar,oblidant,oblidat,Exemple pendent de revisió.,Vegeu el model indicat a “Notes”.,Vegeu el model indicat a “Notes”.,Vegeu el model indicat a “Notes”.,Vegeu el model indicat a “Notes”.,Vegeu el model indicat a “Notes”.,Vegeu el model indicat a “Notes”.,Vegeu el model indicat a “Notes”.,Vegeu el model indicat a “Notes”.,—,—,—,Model regular (-ar).
U02,"Work, Study & Admin Communication",Regular,-ar,opinar,opinant,opinat,Exemple pendent de revisió.,Vegeu el model indicat a “Notes”.,Vegeu el model indicat a “Notes”.,Vegeu el model indicat a “Notes”.,Vegeu el model indicat a “Notes”.,Vegeu el model indicat a “Notes”.,Vegeu el model indicat a “Notes”.,Vegeu el model indicat a “Notes”.,Vegeu el model indicat a “Notes”.,—,—,—,Model regular (-ar).
U02,"Work, Study & Admin Communication",Regular,-ar,parlar,parlant,parlat,Exemple pendent de revisió.,Vegeu el model indicat a “Notes”.,Vegeu el model indicat a “Notes”.,Vegeu el model indicat a “Notes”.,Vegeu el model indicat a “Notes”.,Vegeu el model indicat a “Notes”.,Vegeu el model indicat a “Notes”.,Vegeu el model indicat a “Notes”.,Vegeu el model indicat a “Notes”.,—,—,—,Model regular (-ar).
U02,"Work, Study & Admin Communication",Regular,-ar,pensar,pensant,pensat,Exemple pendent de revisió.,Vegeu el model indicat a “Notes”.,Vegeu el model indicat a “Notes”.,Vegeu el model indicat a “Notes”.,Vegeu el model indicat a “Notes”.,Vegeu el model indicat a “Notes”.,Vegeu el model indicat a “Notes”.,Vegeu el model indicat a “Notes”.,Vegeu el model indicat a “Notes”.,—,—,—,Model regular (-ar).
U02,"Work, Study & Admin Communication",Regular,-ar,preguntar,preguntant,preguntat,Exemple pendent de revisió.,Vegeu el model indicat a “Notes”.,Vegeu el model indicat a “Notes”.,Vegeu el model indicat a “Notes”.,Vegeu el model indicat a “Notes”.,Vegeu el model indicat a “Notes”.,Vegeu el model indicat a “Notes”.,Vegeu el model indicat a “Notes”.,Vegeu el model indicat a “Notes”.,—,—,—,Model regular (-ar).
U02,"Work, Study & Admin Communication",Regular,-ar,recordar,recordant,recordat,Exemple pendent de revisió.,Vegeu el model indicat a “Notes”.,Vegeu el model indicat a “Notes”.,Vegeu el model indicat a “Notes”.,Vegeu el model indicat a “Notes”.,Vegeu el model indicat a “Notes”.,Vegeu el model indicat a “Notes”.,Vegeu el model indicat a “Notes”.,Vegeu el model indicat a “Notes”.,—,—,—,Model regular (-ar).
U02,"Work, Study & Admin Communication",Regular,-ar,recordar-se,recordant-se,recordat,Exemple pendent de revisió.,Vegeu el model indicat a “Notes”.,Vegeu el model indicat a “Notes”.,Vegeu el model indicat a “Notes”.,Vegeu el model indicat a “Notes”.,Vegeu el model indicat a “Notes”.,Vegeu el model indicat a “Notes”.,Vegeu el model indicat a “Notes”.,Vegeu el model indicat a “Notes”.,—,—,—,Model regular (-ar).
U02,"Work, Study & Admin Communication",Irregular,-ir,repetir,repetint,repetit,Exemple pendent de revisió.,Vegeu el model indicat a “Notes”.,Vegeu el model indicat a “Notes”.,Vegeu el model indicat a “Notes”.,Vegeu el model indicat a “Notes”.,Vegeu el model indicat a “Notes”.,Vegeu el model indicat a “Notes”.,Vegeu el model indicat a “Notes”.,Vegeu el model indicat a “Notes”.,—,—,—,Revisar model irregular.
U02,"Work, Study & Admin Communication",Regular,-ar,encarregar-se,encarregant-se,encarregat,M’encarrego dels correus cada matí.,Vegeu el model indicat a “Notes”.,Vegeu el model indicat a “Notes”.,Vegeu el model indicat a “Notes”.,Vegeu el model indicat a “Notes”.,Vegeu el model indicat a “Notes”.,Vegeu el model indicat a “Notes”.,Vegeu el model indicat a “Notes”.,Vegeu el model indicat a “Notes”.,encargarse de,,to take care of,Model regular (-ar) amb pronoms febles i alternança g/gu.
U02,"Work, Study & Admin Communication",Regular,-ar,gestionar,gestionant,gestionat,Gestiona el projecte amb calma.,"jo: gestiono
tu: gestiones
ell / ella / vostè: gestiona
nosaltres: gestionem
vosaltres: gestioneu
ells / elles / vostès: gestionen","jo: he gestionat
tu: has gestionat
ell / ella / vostè: ha gestionat
nosaltres: hem gestionat
vosaltres: heu gestionat
ells / elles / vostès: han gestionat","jo: gestionava
tu: gestionaves
ell / ella / vostè: gestionava
nosaltres: gestionàvem
vosaltres: gestionàveu
ells / elles / vostès: gestionaven","jo: vaig gestionar
tu: vas gestionar
ell / ella / vostè: va gestionar
nosaltres: vam gestionar
vosaltres: vau gestionar
ells / elles / vostès: van gestionar","jo: gestionaré
tu: gestionaràs
ell / ella / vostè: gestionarà
nosaltres: gestionarem
vosaltres: gestionareu
ells / elles / vostès: gestionaran","jo: gestionaria
tu: gestionaries
ell / ella / vostè: gestionaria
nosaltres: gestionaríem
vosaltres: gestionaríeu
ells / elles / vostès: gestionarien","gestiona
gestioni
gestionem
gestioneu
gestionin","jo: gestioni
tu: gestionis
ell / ella / vostè: gestioni
nosaltres: gestionem
vosaltres: gestioneu
ells / elles / vostès: gestionin",gestionar,,to manage,
U02,"Work, Study & Admin Communication",Regular,-ar,mostrar,mostrant,mostrat,Et mostro el document després.,"jo: mostro
tu: mostres
ell / ella / vostè: mostra
nosaltres: mostrem
vosaltres: mostreu
ells / elles / vostès: mostren","jo: he mostrat
tu: has mostrat
ell / ella / vostè: ha mostrat
nosaltres: hem mostrat
vosaltres: heu mostrat
ells / elles / vostès: han mostrat","jo: mostrava
tu: mostraves
ell / ella / vostè: mostrava
nosaltres: mostràvem
vosaltres: mostràveu
ells / elles / vostès: mostraven","jo: vaig mostrar
tu: vas mostrar
ell / ella / vostè: va mostrar
nosaltres: vam mostrar
vosaltres: vau mostrar
ells / elles / vostès: van mostrar","jo: mostraré
tu: mostraràs
ell / ella / vostè: mostrarà
nosaltres: mostrarem
vosaltres: mostrareu
ells / elles / vostès: mostraran","jo: mostraria
tu: mostraries
ell / ella / vostè: mostraria
nosaltres: mostraríem
vosaltres: mostraríeu
ells / elles / vostès: mostrarien","mostra
mostri
mostrem
mostreu
mostrin","jo: mostri
tu: mostris
ell / ella / vostè: mostri
nosaltres: mostrem
vosaltres: mostreu
ells / elles / vostès: mostrin",mostrar,,to show,
U02,"Work, Study & Admin Communication",Regular,-ar,signar,signant,signat,He de signar aquest paper avui.,"jo: signo
tu: signes
ell / ella / vostè: signa
nosaltres: signem
vosaltres: signeu
ells / elles / vostès: signen","jo: he signat
tu: has signat
ell / ella / vostè: ha signat
nosaltres: hem signat
vosaltres: heu signat
ells / elles / vostès: han signat","jo: signava
tu: signaves
ell / ella / vostè: signava
nosaltres: signàvem
vosaltres: signàveu
ells / elles / vostès: signaven","jo: vaig signar
tu: vas signar
ell / ella / vostè: va signar
nosaltres: vam signar
vosaltres: vau signar
ells / elles / vostès: van signar","jo: signaré
tu: signaràs
ell / ella / vostè: signarà
nosaltres: signarem
vosaltres: signareu
ells / elles / vostès: signaran","jo: signaria
tu: signaries
ell / ella / vostè: signaria
nosaltres: signaríem
vosaltres: signaríeu
ells / elles / vostès: signarien","signa
signi
signem
signeu
signin","jo: signi
tu: signis
ell / ella / vostè: signi
nosaltres: signem
vosaltres: signeu
ells / elles / vostès: signin",firmar,,to sign,
U02,"Work, Study & Admin Communication",Regular,-ar,trucar,trucant,trucat,Et trucaré quan arribi.,"jo: truco
tu: truces
ell / ella / vostè: truca
nosaltres: trucem
vosaltres: truceu
ells / elles / vostès: trucen","jo: he trucat
tu: has trucat
ell / ella / vostè: ha trucat
nosaltres: hem trucat
vosaltres: heu trucat
ells / elles / vostès: han trucat","jo: trucava
tu: trucaves
ell / ella / vostè: trucava
nosaltres: trucàvem
vosaltres: trucàveu
ells / elles / vostès: trucaven","jo: vaig trucar
tu: vas trucar
ell / ella / vostè: va trucar
nosaltres: vam trucar
vosaltres: vau trucar
ells / elles / vostès: van trucar","jo: trucaré
tu: trucaràs
ell / ella / vostè: trucarà
nosaltres: trucarem
vosaltres: trucareu
ells / elles / vostès: trucaran","jo: trucaria
tu: trucaries
ell / ella / vostè: trucaria
nosaltres: trucaríem
vosaltres: trucaríeu
ells / elles / vostès: trucarien","truca
truqui
truquem
truceu
truquin","jo: truqui
tu: truquis
ell / ella / vostè: truqui
nosaltres: truquem
vosaltres: truqueu
ells / elles / vostès: truquin",llamar (por teléfono),,to call,
U02,"Work, Study & Admin Communication",Regular,-ar,acceptar,acceptant,acceptat,Acceptem la proposta.,"jo: accepto
tu: acceptes
ell / ella / vostè: accepta
nosaltres: acceptem
vosaltres: accepteu
ells / elles / vostès: accepten","jo: he acceptat
tu: has acceptat
ell / ella / vostè: ha acceptat
nosaltres: hem acceptat
vosaltres: heu acceptat
ells / elles / vostès: han acceptat","jo: acceptava
tu: acceptaves
ell / ella / vostè: acceptava
nosaltres: acceptàvem
vosaltres: acceptàveu
ells / elles / vostès: acceptaven","jo: vaig acceptar
tu: vas acceptar
ell / ella / vostè: va acceptar
nosaltres: vam acceptar
vosaltres: vau acceptar
ells / elles / vostès: van acceptar","jo: acceptaré
tu: acceptaràs
ell / ella / vostè: acceptarà
nosaltres: acceptarem
vosaltres: acceptareu
ells / elles / vostès: acceptaran","jo: acceptaria
tu: acceptaries
ell / ella / vostè: acceptaria
nosaltres: acceptaríem
vosaltres: acceptaríeu
ells / elles / vostès: acceptarien","accepta
accepti
acceptem
accepteu
acceptin","jo: accepti
tu: acceptis
ell / ella / vostè: accepti
nosaltres: acceptem
vosaltres: accepteu
ells / elles / vostès: acceptin",aceptar,,to accept,
U02,"Work, Study & Admin Communication",Regular,-ar,comparar,comparant,comparat,Cal comparar les dues opcions.,"jo: comparo
tu: compares
ell / ella / vostè: compara
nosaltres: comparem
vosaltres: compareu
ells / elles / vostès: comparen","jo: he comparat
tu: has comparat
ell / ella / vostè: ha comparat
nosaltres: hem comparat
vosaltres: heu comparat
ells / elles / vostès: han comparat","jo: comparava
tu: comparaves
ell / ella / vostè: comparava
nosaltres: comparàvem
vosaltres: comparàveu
ells / elles / vostès: comparaven","jo: vaig comparar
tu: vas comparar
ell / ella / vostè: va comparar
nosaltres: vam comparar
vosaltres: vau comparar
ells / elles / vostès: van comparar","jo: compararé
tu: compararàs
ell / ella / vostè: compararà
nosaltres: compararem
vosaltres: comparareu
ells / elles / vostès: compararan","jo: compararia
tu: compararies
ell / ella / vostè: compararia
nosaltres: compararíem
vosaltres: compararíeu
ells / elles / vostès: compararien","compara
compari
comparem
compareu
comparin","jo: compari
tu: comparis
ell / ella / vostè: compari
nosaltres: comparem
vosaltres: compareu
ells / elles / vostès: comparin",comparar,,to compare,
U02,"Work, Study & Admin Communication",Regular,-ar,proposar,proposant,proposat,Vull proposar una idea nova.,"jo: proposo
tu: proposes
ell / ella / vostè: proposa
nosaltres: proposem
vosaltres: proposeu
ells / elles / vostès: proposen","jo: he proposat
tu: has proposat
ell / ella / vostè: ha proposat
nosaltres: hem proposat
vosaltres: heu proposat
ells / elles / vostès: han proposat","jo: proposava
tu: proposaves
ell / ella / vostè: proposava
nosaltres: proposàvem
vosaltres: proposàveu
ells / elles / vostès: proposaven","jo: vaig proposar
tu: vas proposar
ell / ella / vostè: va proposar
nosaltres: vam proposar
vosaltres: vau proposar
ells / elles / vostès: van proposar","jo: proposaré
tu: proposaràs
ell / ella / vostè: proposarà
nosaltres: proposarem
vosaltres: proposareu
ells / elles / vostès: proposaran","jo: proposaria
tu: proposaries
ell / ella / vostè: proposaria
nosaltres: proposaríem
vosaltres: proposaríeu
ells / elles / vostès: proposarien","proposa
proposi
proposem
proposeu
proposin","jo: proposi
tu: proposis
ell / ella / vostè: proposi
nosaltres: proposem
vosaltres: proposeu
ells / elles / vostès: proposin",proponer,,to propose,
U02,"Work, Study & Admin Communication",Regular,-ar,recomanar,recomanant,recomanat,Et recomano aquest llibre.,"jo: recomano
tu: recomanes
ell / ella / vostè: recomana
nosaltres: recomanem
vosaltres: recomaneu
ells / elles / vostès: recomanen","jo: he recomanat
tu: has recomanat
ell / ella / vostè: ha recomanat
nosaltres: hem recomanat
vosaltres: heu recomanat
ells / elles / vostès: han recomanat","jo: recomanava
tu: recomanaves
ell / ella / vostè: recomanava
nosaltres: recomanàvem
vosaltres: recomanàveu
ells / elles / vostès: recomanaven","jo: vaig recomanar
tu: vas recomanar
ell / ella / vostè: va recomanar
nosaltres: vam recomanar
vosaltres: vau recomanar
ells / elles / vostès: van recomanar","jo: recomanaré
tu: recomanaràs
ell / ella / vostè: recomanarà
nosaltres: recomanarem
vosaltres: recomanareu
ells / elles / vostès: recomanaran","jo: recomanaria
tu: recomanaries
ell / ella / vostè: recomanaria
nosaltres: recomanaríem
vosaltres: recomanaríeu
ells / elles / vostès: recomanarien","recomana
recomani
recomanem
recomaneu
recomanin","jo: recomani
tu: recomanis
ell / ella / vostè: recomani
nosaltres: recomanem
vosaltres: recomaneu
ells / elles / vostès: recomanin",recomendar,,to recommend,
U02,"Work, Study & Admin Communication",Irregular,-er/-re,permetre,permetent,permès,Això ens permet avançar més de pressa.,"jo: permeto
tu: permets
ell / ella / vostè: permet
nosaltres: permetem
vosaltres: permeteu
ells / elles / vostès: permeten","jo: he permès
tu: has permès
ell / ella / vostè: ha permès
nosaltres: hem permès
vosaltres: heu permès
ells / elles / vostès: han permès","jo: permetia
tu: permeties
ell / ella / vostè: permetia
nosaltres: permetíem
vosaltres: permetíeu
ells / elles / vostès: permetien","jo: vaig permetre
tu: vas permetre
ell / ella / vostè: va permetre
nosaltres: vam permetre
vosaltres: vau permetre
ells / elles / vostès: van permetre","jo: permetré
tu: permetràs
ell / ella / vostè: permetrà
nosaltres: permetrem
vosaltres: permetreu
ells / elles / vostès: permetran","jo: permetria
tu: permetries
ell / ella / vostè: permetria
nosaltres: permetríem
vosaltres: permetríeu
ells / elles / vostès: permetrien","permet
permeti
permetem
permeteu
permetin","jo: permeti
tu: permetis
ell / ella / vostè: permeti
nosaltres: permetem
vosaltres: permeteu
ells / elles / vostès: permetin",permitir,,to allow; permit,
U03,Home & Furniture,Irregular,-er/-re,asseure,asseient,assegut,La mare asseu el nen a la cadira.,Vegeu el model indicat a “Notes”.,Vegeu el model indicat a “Notes”.,Vegeu el model indicat a “Notes”.,Vegeu el model indicat a “Notes”.,Vegeu el model indicat a “Notes”.,Vegeu el model indicat a “Notes”.,Vegeu el model indicat a “Notes”.,Vegeu el model indicat a “Notes”.,sentar,يُجلس / يجلس,to seat; sit down,
U03,Home & Furniture,Irregular,-er/-re,cabre/caber,cabent,cabut,Aquesta maleta no cap al maleter.,"jo: cabo
tu: caps
ell / ella / vostè: cap
nosaltres: cabem
vosaltres: cabeu
ells / elles / vostès: caben","jo: he cabut
tu: has cabut
ell / ella / vostè: ha cabut
nosaltres: hem cabut
vosaltres: heu cabut
ells / elles / vostès: han cabut","jo: cabia
tu: cabies
ell / ella / vostè: cabia
nosaltres: cabíem
vosaltres: cabíeu
ells / elles / vostès: cabien","jo: vaig cabre
tu: vas cabre
ell / ella / vostè: va cabre
nosaltres: vam cabre
vosaltres: vau cabre
ells / elles / vostès: van cabre","jo: cabré
tu: cabràs
ell / ella / vostè: cabrà
nosaltres: cabrem
vosaltres: cabreu
ells / elles / vostès: cabran","jo: cabria
tu: cabries
ell / ella / vostè: cabria
nosaltres: cabríem
vosaltres: cabríeu
ells / elles / vostès: cabrien","cap
càpiga
capiguem
cabeu
càpiguen","jo: càpiga
tu: càpigues
ell / ella / vostè: càpiga
nosaltres: capiguem
vosaltres: capigueu
ells / elles / vostès: càpiguen",caber,يتّسع,to fit,
U03,Home & Furniture,Irregular,-er/-re,seure,seient,segut,"Seu aquí, al meu costat.",Vegeu el model indicat a “Notes”.,Vegeu el model indicat a “Notes”.,Vegeu el model indicat a “Notes”.,Vegeu el model indicat a “Notes”.,Vegeu el model indicat a “Notes”.,Vegeu el model indicat a “Notes”.,Vegeu el model indicat a “Notes”.,Vegeu el model indicat a “Notes”.,sentarse,يجلس,to sit,
U03,Home & Furniture,Irregular,-er/-re,treure,traient,tret,1) Treu el plat de la taula. 2) He tret un deu.,,,,,,,,,sacar; quitar,يُخرج؛ يزيل,to take out; remove,
U03,Home & Furniture,Irregular,-er/-re,treure/traure,traient,tret,1) Treu el mòbil de la bossa. 2) Han tret una bona nota.,"jo: trec/trac
tu: treus/traus
ell / ella / vostè: treu/trau
nosaltres: traiem
vosaltres: traieu
ells / elles / vostès: treuen/trauen","jo: he tret
tu: has tret
ell / ella / vostè: ha tret
nosaltres: hem tret
vosaltres: heu tret
ells / elles / vostès: han tret","jo: treia
tu: treies
ell / ella / vostè: treia
nosaltres: trèiem
vosaltres: trèieu
ells / elles / vostès: treien","jo: vaig treure
tu: vas treure
ell / ella / vostè: va treure
nosaltres: vam treure
vosaltres: vau treure
ells / elles / vostès: van treure","jo: trauré
tu: trauràs
ell / ella / vostè: traurà
nosaltres: traurem
vosaltres: traureu
ells / elles / vostès: trauran","jo: trauria
tu: trauries
ell / ella / vostè: trauria
nosaltres: trauríem
vosaltres: trauríeu
ells / elles / vostès: traurien","treu/trau
tregui/tragui
traguem
traieu
treguin/traguin","jo: tregui/tragui
tu: treguis/traguis
ell / ella / vostè: tregui/tragui
nosaltres: traguem
vosaltres: tragueu
ells / elles / vostès: treguin/traguin",sacar; quitar,يُخرج؛ يزيل,to take out; remove,
U03,Home & Furniture,Irregular,-ir,obrir,obrint,obert,"Obre la finestra, si us plau.",,,,,,,,,abrir,يفتح,to open,
U03,Home & Furniture,Irregular,special,dur,duent,dut,1) Duc els llibres a classe. 2) Avui duu una jaqueta blava.,"jo: duc
tu: duus/dus
ell / ella / vostè: duu/du
nosaltres: duem
vosaltres: dueu
ells / elles / vostès: duen","jo: he dut
tu: has dut
ell / ella / vostè: ha dut
nosaltres: hem dut
vosaltres: heu dut
ells / elles / vostès: han dut","jo: duia
tu: duies
ell / ella / vostè: duia
nosaltres: dúiem
vosaltres: dúieu
ells / elles / vostès: duien","jo: vaig dur
tu: vas dur
ell / ella / vostè: va dur
nosaltres: vam dur
vosaltres: vau dur
ells / elles / vostès: van dur","jo: duré
tu: duràs
ell / ella / vostè: durà
nosaltres: durem
vosaltres: dureu
ells / elles / vostès: duran","jo: duria
tu: duries
ell / ella / vostè: duria
nosaltres: duríem
vosaltres: duríeu
ells / elles / vostès: durien","duu/du
dugui
duguem
dueu
duguin","jo: dugui
tu: duguis
ell / ella / vostè: dugui
nosaltres: duguem
vosaltres: dugueu
ells / elles / vostès: duguin",llevar; durar,يحمل,to carry; wear,
U03,Home & Furniture,Regular,-ar,apagar,apagant,apagat,Exemple pendent de revisió.,Vegeu el model indicat a “Notes”.,Vegeu el model indicat a “Notes”.,Vegeu el model indicat a “Notes”.,Vegeu el model indicat a “Notes”.,Vegeu el model indicat a “Notes”.,Vegeu el model indicat a “Notes”.,Vegeu el model indicat a “Notes”.,Vegeu el model indicat a “Notes”.,—,—,—,Model regular (-ar).
U03,Home & Furniture,Regular,-ar,assecar,assecant,assecat,Exemple pendent de revisió.,Vegeu el model indicat a “Notes”.,Vegeu el model indicat a “Notes”.,Vegeu el model indicat a “Notes”.,Vegeu el model indicat a “Notes”.,Vegeu el model indicat a “Notes”.,Vegeu el model indicat a “Notes”.,Vegeu el model indicat a “Notes”.,Vegeu el model indicat a “Notes”.,—,—,—,Model regular (-ar).
U03,Home & Furniture,Regular,-ar,buscar,buscant,buscat,Exemple pendent de revisió.,Vegeu el model indicat a “Notes”.,Vegeu el model indicat a “Notes”.,Vegeu el model indicat a “Notes”.,Vegeu el model indicat a “Notes”.,Vegeu el model indicat a “Notes”.,Vegeu el model indicat a “Notes”.,Vegeu el model indicat a “Notes”.,Vegeu el model indicat a “Notes”.,—,—,—,Model regular (-ar).
U03,Home & Furniture,Regular,-ar,netejar,netejant,netejat,Exemple pendent de revisió.,Vegeu el model indicat a “Notes”.,Vegeu el model indicat a “Notes”.,Vegeu el model indicat a “Notes”.,Vegeu el model indicat a “Notes”.,Vegeu el model indicat a “Notes”.,Vegeu el model indicat a “Notes”.,Vegeu el model indicat a “Notes”.,Vegeu el model indicat a “Notes”.,—,—,—,Model regular (-ar).
U03,Home & Furniture,Regular,-ar,rentar,rentant,rentat,Exemple pendent de revisió.,Vegeu el model indicat a “Notes”.,Vegeu el model indicat a “Notes”.,Vegeu el model indicat a “Notes”.,Vegeu el model indicat a “Notes”.,Vegeu el model indicat a “Notes”.,Vegeu el model indicat a “Notes”.,Vegeu el model indicat a “Notes”.,Vegeu el model indicat a “Notes”.,—,—,—,Model regular (-ar).
U03,Home & Furniture,Regular,-ar,tancar,tancant,tancat,Exemple pendent de revisió.,Vegeu el model indicat a “Notes”.,Vegeu el model indicat a “Notes”.,Vegeu el model indicat a “Notes”.,Vegeu el model indicat a “Notes”.,Vegeu el model indicat a “Notes”.,Vegeu el model indicat a “Notes”.,Vegeu el model indicat a “Notes”.,Vegeu el model indicat a “Notes”.,—,—,—,Model regular (-ar).
U04,City Places & Directions,Irregular,-er/-re,aparèixer,apareixent,aparegut,El seu nom apareix a la llista.,Vegeu el model indicat a “Notes”.,Vegeu el model indicat a “Notes”.,Vegeu el model indicat a “Notes”.,Vegeu el model indicat a “Notes”.,Vegeu el model indicat a “Notes”.,Vegeu el model indicat a “Notes”.,Vegeu el model indicat a “Notes”.,Vegeu el model indicat a “Notes”.,aparecer,يظهر,to appear,
U04,City Places & Directions,Irregular,-er/-re,atreure,atraient,atret,Aquest museu atrau molts turistes.,Vegeu el model indicat a “Notes”.,Vegeu el model indicat a “Notes”.,Vegeu el model indicat a “Notes”.,Vegeu el model indicat a “Notes”.,Vegeu el model indicat a “Notes”.,Vegeu el model indicat a “Notes”.,Vegeu el model indicat a “Notes”.,Vegeu el model indicat a “Notes”.,atraer,يجذب,to attract,
U04,City Places & Directions,Irregular,-er/-re,córrer,corrent,corregut,Cada matí corro vint minuts.,"jo: corro
tu: corres
ell / ella / vostè: corre
nosaltres: correm
vosaltres: correu
ells / elles / vostès: corren","jo: he corregut
tu: has corregut
ell / ella / vostè: ha corregut
nosaltres: hem corregut
vosaltres: heu corregut
ells / elles / vostès: han corregut","jo: corria
tu: corries
ell / ella / vostè: corria
nosaltres: corríem
vosaltres: corríeu
ells / elles / vostès: corrien","jo: vaig córrer
tu: vas córrer
ell / ella / vostè: va córrer
nosaltres: vam córrer
vosaltres: vau córrer
ells / elles / vostès: van córrer","jo: correré
tu: correràs
ell / ella / vostè: correrà
nosaltres: correrem
vosaltres: correreu
ells / elles / vostès: correran","jo: correria
tu: correries
ell / ella / vostè: correria
nosaltres: correríem
vosaltres: correríeu
ells / elles / vostès: correrien","corre
corri
correm/correguem
correu
corrin","jo: corri
tu: corris
ell / ella / vostè: corri
nosaltres: correm
vosaltres: correu
ells / elles / vostès: corrin",correr,يجري,to run,
U04,City Places & Directions,Irregular,-er/-re,desaparèixer,desapareixent,desaparegut,Les claus han desaparegut.,Vegeu el model indicat a “Notes”.,Vegeu el model indicat a “Notes”.,Vegeu el model indicat a “Notes”.,Vegeu el model indicat a “Notes”.,Vegeu el model indicat a “Notes”.,Vegeu el model indicat a “Notes”.,Vegeu el model indicat a “Notes”.,Vegeu el model indicat a “Notes”.,desaparecer,يختفي,to disappear,
U04,City Places & Directions,Irregular,-er/-re,empènyer,empenyent,empès,Empeny la porta amb força.,,,,,,,,,empujar,يدفع,to push,
U04,City Places & Directions,Irregular,-er/-re,moure,movent,mogut,"No moguis la taula, si us plau.",Vegeu el model indicat a “Notes”.,Vegeu el model indicat a “Notes”.,Vegeu el model indicat a “Notes”.,Vegeu el model indicat a “Notes”.,Vegeu el model indicat a “Notes”.,Vegeu el model indicat a “Notes”.,Vegeu el model indicat a “Notes”.,Vegeu el model indicat a “Notes”.,mover,يحرّك,to move,
U04,City Places & Directions,Irregular,-ir,sortir,sortint,sortit,Sortim de casa a les vuit.,"jo: surto
tu: surts
ell / ella / vostè: surt
nosaltres: sortim
vosaltres: sortiu
ells / elles / vostès: surten","jo: he sortit
tu: has sortit
ell / ella / vostè: ha sortit
nosaltres: hem sortit
vosaltres: heu sortit
ells / elles / vostès: han sortit","jo: sortia
tu: sorties
ell / ella / vostè: sortia
nosaltres: sortíem
vosaltres: sortíeu
ells / elles / vostès: sortien","jo: vaig sortir
tu: vas sortir
ell / ella / vostè: va sortir
nosaltres: vam sortir
vosaltres: vau sortir
ells / elles / vostès: van sortir","jo: sortiré
tu: sortiràs
ell / ella / vostè: sortirà
nosaltres: sortirem
vosaltres: sortireu
ells / elles / vostès: sortiran","jo: sortiria
tu: sortiries
ell / ella / vostè: sortiria
nosaltres: sortiríem
vosaltres: sortiríeu
ells / elles / vostès: sortirien","surt
surti
sortim
sortiu
surtin","jo: surti
tu: surtis
ell / ella / vostè: surti
nosaltres: sortim
vosaltres: sortiu
ells / elles / vostès: surtin",salir,يخرج,to go out; leave,
U04,City Places & Directions,Regular,-ar,acostar-se,acostant-se,acostat,Exemple pendent de revisió.,Vegeu el model indicat a “Notes”.,Vegeu el model indicat a “Notes”.,Vegeu el model indicat a “Notes”.,Vegeu el model indicat a “Notes”.,Vegeu el model indicat a “Notes”.,Vegeu el model indicat a “Notes”.,Vegeu el model indicat a “Notes”.,Vegeu el model indicat a “Notes”.,—,—,—,Model regular (-ar).
U04,City Places & Directions,Regular,-ar,agafar,agafant,agafat,Exemple pendent de revisió.,Vegeu el model indicat a “Notes”.,Vegeu el model indicat a “Notes”.,Vegeu el model indicat a “Notes”.,Vegeu el model indicat a “Notes”.,Vegeu el model indicat a “Notes”.,Vegeu el model indicat a “Notes”.,Vegeu el model indicat a “Notes”.,Vegeu el model indicat a “Notes”.,—,—,—,Model regular (-ar).
U04,City Places & Directions,Regular,-ar,allunyar-se,allunyant-se,allunyat,Exemple pendent de revisió.,Vegeu el model indicat a “Notes”.,Vegeu el model indicat a “Notes”.,Vegeu el model indicat a “Notes”.,Vegeu el model indicat a “Notes”.,Vegeu el model indicat a “Notes”.,Vegeu el model indicat a “Notes”.,Vegeu el model indicat a “Notes”.,Vegeu el model indicat a “Notes”.,—,—,—,Model regular (-ar).
U04,City Places & Directions,Irregular,-ar,anar-se'n,anar-se'n,anar-se'n,Exemple pendent de revisió.,Vegeu el model indicat a “Notes”.,Vegeu el model indicat a “Notes”.,Vegeu el model indicat a “Notes”.,Vegeu el model indicat a “Notes”.,Vegeu el model indicat a “Notes”.,Vegeu el model indicat a “Notes”.,Vegeu el model indicat a “Notes”.,Vegeu el model indicat a “Notes”.,—,—,—,Revisar model irregular.
U04,City Places & Directions,Regular,-ar,arribar,arribant,arribat,Exemple pendent de revisió.,Vegeu el model indicat a “Notes”.,Vegeu el model indicat a “Notes”.,Vegeu el model indicat a “Notes”.,Vegeu el model indicat a “Notes”.,Vegeu el model indicat a “Notes”.,Vegeu el model indicat a “Notes”.,Vegeu el model indicat a “Notes”.,Vegeu el model indicat a “Notes”.,—,—,—,Model regular (-ar).
U04,City Places & Directions,Regular,-ar,baixar,baixant,baixat,Exemple pendent de revisió.,Vegeu el model indicat a “Notes”.,Vegeu el model indicat a “Notes”.,Vegeu el model indicat a “Notes”.,Vegeu el model indicat a “Notes”.,Vegeu el model indicat a “Notes”.,Vegeu el model indicat a “Notes”.,Vegeu el model indicat a “Notes”.,Vegeu el model indicat a “Notes”.,—,—,—,Model regular (-ar).
U04,City Places & Directions,Irregular,-ir,conduir,conduint,conduit,Exemple pendent de revisió.,Vegeu el model indicat a “Notes”.,Vegeu el model indicat a “Notes”.,Vegeu el model indicat a “Notes”.,Vegeu el model indicat a “Notes”.,Vegeu el model indicat a “Notes”.,Vegeu el model indicat a “Notes”.,Vegeu el model indicat a “Notes”.,Vegeu el model indicat a “Notes”.,—,—,—,Revisar model irregular.
U04,City Places & Directions,Regular,-ar,continuar,continuant,continuat,Exemple pendent de revisió.,Vegeu el model indicat a “Notes”.,Vegeu el model indicat a “Notes”.,Vegeu el model indicat a “Notes”.,Vegeu el model indicat a “Notes”.,Vegeu el model indicat a “Notes”.,Vegeu el model indicat a “Notes”.,Vegeu el model indicat a “Notes”.,Vegeu el model indicat a “Notes”.,—,—,—,Model regular (-ar).
U04,City Places & Directions,Regular,-er/-re,correr,corrent,corrut,Exemple pendent de revisió.,Vegeu el model indicat a “Notes”.,Vegeu el model indicat a “Notes”.,Vegeu el model indicat a “Notes”.,Vegeu el model indicat a “Notes”.,Vegeu el model indicat a “Notes”.,Vegeu el model indicat a “Notes”.,Vegeu el model indicat a “Notes”.,Vegeu el model indicat a “Notes”.,—,—,—,Model regular (-er/-re).
U04,City Places & Directions,Regular,-ar,deixar,deixant,deixat,Exemple pendent de revisió.,Vegeu el model indicat a “Notes”.,Vegeu el model indicat a “Notes”.,Vegeu el model indicat a “Notes”.,Vegeu el model indicat a “Notes”.,Vegeu el model indicat a “Notes”.,Vegeu el model indicat a “Notes”.,Vegeu el model indicat a “Notes”.,Vegeu el model indicat a “Notes”.,—,—,—,Model regular (-ar).
U04,City Places & Directions,Regular,-ar,entrar,entrant,entrat,Exemple pendent de revisió.,Vegeu el model indicat a “Notes”.,Vegeu el model indicat a “Notes”.,Vegeu el model indicat a “Notes”.,Vegeu el model indicat a “Notes”.,Vegeu el model indicat a “Notes”.,Vegeu el model indicat a “Notes”.,Vegeu el model indicat a “Notes”.,Vegeu el model indicat a “Notes”.,—,—,—,Model regular (-ar).
U04,City Places & Directions,Regular,-ar,girar,girant,girat,Exemple pendent de revisió.,Vegeu el model indicat a “Notes”.,Vegeu el model indicat a “Notes”.,Vegeu el model indicat a “Notes”.,Vegeu el model indicat a “Notes”.,Vegeu el model indicat a “Notes”.,Vegeu el model indicat a “Notes”.,Vegeu el model indicat a “Notes”.,Vegeu el model indicat a “Notes”.,—,—,—,Model regular (-ar).
U04,City Places & Directions,Regular,-ar,girar-se,girant-se,girat,Exemple pendent de revisió.,Vegeu el model indicat a “Notes”.,Vegeu el model indicat a “Notes”.,Vegeu el model indicat a “Notes”.,Vegeu el model indicat a “Notes”.,Vegeu el model indicat a “Notes”.,Vegeu el model indicat a “Notes”.,Vegeu el model indicat a “Notes”.,Vegeu el model indicat a “Notes”.,—,—,—,Model regular (-ar).
U04,City Places & Directions,Regular,-ar,parar,parant,parat,Exemple pendent de revisió.,Vegeu el model indicat a “Notes”.,Vegeu el model indicat a “Notes”.,Vegeu el model indicat a “Notes”.,Vegeu el model indicat a “Notes”.,Vegeu el model indicat a “Notes”.,Vegeu el model indicat a “Notes”.,Vegeu el model indicat a “Notes”.,Vegeu el model indicat a “Notes”.,—,—,—,Model regular (-ar).
U04,City Places & Directions,Regular,-ar,pujar,pujant,pujat,Exemple pendent de revisió.,Vegeu el model indicat a “Notes”.,Vegeu el model indicat a “Notes”.,Vegeu el model indicat a “Notes”.,Vegeu el model indicat a “Notes”.,Vegeu el model indicat a “Notes”.,Vegeu el model indicat a “Notes”.,Vegeu el model indicat a “Notes”.,Vegeu el model indicat a “Notes”.,—,—,—,Model regular (-ar).
U04,City Places & Directions,Irregular,-ir,seguir,seguint,seguit,Exemple pendent de revisió.,Vegeu el model indicat a “Notes”.,Vegeu el model indicat a “Notes”.,Vegeu el model indicat a “Notes”.,Vegeu el model indicat a “Notes”.,Vegeu el model indicat a “Notes”.,Vegeu el model indicat a “Notes”.,Vegeu el model indicat a “Notes”.,Vegeu el model indicat a “Notes”.,—,—,—,Revisar model irregular.
U04,City Places & Directions,Irregular,-ar,tornar,tornant,tornat,Exemple pendent de revisió.,Vegeu el model indicat a “Notes”.,Vegeu el model indicat a “Notes”.,Vegeu el model indicat a “Notes”.,Vegeu el model indicat a “Notes”.,Vegeu el model indicat a “Notes”.,Vegeu el model indicat a “Notes”.,Vegeu el model indicat a “Notes”.,Vegeu el model indicat a “Notes”.,—,—,—,Revisar model irregular.
U04,City Places & Directions,Regular,-ar,travessar,travessant,travessat,Exemple pendent de revisió.,Vegeu el model indicat a “Notes”.,Vegeu el model indicat a “Notes”.,Vegeu el model indicat a “Notes”.,Vegeu el model indicat a “Notes”.,Vegeu el model indicat a “Notes”.,Vegeu el model indicat a “Notes”.,Vegeu el model indicat a “Notes”.,Vegeu el model indicat a “Notes”.,—,—,—,Model regular (-ar).
U04,City Places & Directions,Regular,-ar,viatjar,viatjant,viatjat,Exemple pendent de revisió.,Vegeu el model indicat a “Notes”.,Vegeu el model indicat a “Notes”.,Vegeu el model indicat a “Notes”.,Vegeu el model indicat a “Notes”.,Vegeu el model indicat a “Notes”.,Vegeu el model indicat a “Notes”.,Vegeu el model indicat a “Notes”.,Vegeu el model indicat a “Notes”.,—,—,—,Model regular (-ar).
U04,City Places & Directions,Regular,-ar,quedar-se,quedant-se,quedat,Ens quedem a casa aquesta tarda.,Vegeu el model indicat a “Notes”.,Vegeu el model indicat a “Notes”.,Vegeu el model indicat a “Notes”.,Vegeu el model indicat a “Notes”.,Vegeu el model indicat a “Notes”.,Vegeu el model indicat a “Notes”.,Vegeu el model indicat a “Notes”.,Vegeu el model indicat a “Notes”.,quedarse,,to stay; remain,Model regular (-ar) amb pronoms febles.
U05,"Family, Appearance & Personality",Irregular,-er/-re,merèixer,mereixent,merescut,Aquest alumne mereix un premi.,Vegeu el model indicat a “Notes”.,Vegeu el model indicat a “Notes”.,Vegeu el model indicat a “Notes”.,Vegeu el model indicat a “Notes”.,Vegeu el model indicat a “Notes”.,Vegeu el model indicat a “Notes”.,Vegeu el model indicat a “Notes”.,Vegeu el model indicat a “Notes”.,merecer,يستحق,to deserve,
U05,"Family, Appearance & Personality",Irregular,-er/-re,néixer/nàixer,naixent,nascut,La meva germana va néixer a Girona.,"jo: neixo/naixo
tu: neixes/naixes
ell / ella / vostè: neix/naix
nosaltres: naixem
vosaltres: naixeu
ells / elles / vostès: neixen/naixen","jo: he nascut
tu: has nascut
ell / ella / vostè: ha nascut
nosaltres: hem nascut
vosaltres: heu nascut
ells / elles / vostès: han nascut","jo: naixia
tu: naixies
ell / ella / vostè: naixia
nosaltres: naixíem
vosaltres: naixíeu
ells / elles / vostès: naixien","jo: vaig néixer
tu: vas néixer
ell / ella / vostè: va néixer
nosaltres: vam néixer
vosaltres: vau néixer
ells / elles / vostès: van néixer","jo: naixeré
tu: naixeràs
ell / ella / vostè: naixerà
nosaltres: naixerem
vosaltres: naixereu
ells / elles / vostès: naixeran","jo: naixeria
tu: naixeries
ell / ella / vostè: naixeria
nosaltres: naixeríem
vosaltres: naixeríeu
ells / elles / vostès: naixerien","neix/naix
neixi/naixi
naixem/nasquem
naixeu
neixin/naixin","jo: neixi/naixi
tu: neixis/naixis
ell / ella / vostè: neixi/naixi
nosaltres: naixem/nasquem
vosaltres: naixeu/nasqueu
ells / elles / vostès: neixin/nasquin",nacer,يولد,to be born,
U05,"Family, Appearance & Personality",Irregular,-er/-re,ofendre,ofenent,ofès,No volia ofendre ningú.,Vegeu el model indicat a “Notes”.,Vegeu el model indicat a “Notes”.,Vegeu el model indicat a “Notes”.,Vegeu el model indicat a “Notes”.,Vegeu el model indicat a “Notes”.,Vegeu el model indicat a “Notes”.,Vegeu el model indicat a “Notes”.,Vegeu el model indicat a “Notes”.,ofender,يسيء,to offend,
U05,"Family, Appearance & Personality",Regular,-ar,assemblar-se,assemblant-se,assemblat,Exemple pendent de revisió.,Vegeu el model indicat a “Notes”.,Vegeu el model indicat a “Notes”.,Vegeu el model indicat a “Notes”.,Vegeu el model indicat a “Notes”.,Vegeu el model indicat a “Notes”.,Vegeu el model indicat a “Notes”.,Vegeu el model indicat a “Notes”.,Vegeu el model indicat a “Notes”.,—,—,—,Model regular (-ar).
U05,"Family, Appearance & Personality",Regular,-ar,confiar,confiant,confiat,Exemple pendent de revisió.,Vegeu el model indicat a “Notes”.,Vegeu el model indicat a “Notes”.,Vegeu el model indicat a “Notes”.,Vegeu el model indicat a “Notes”.,Vegeu el model indicat a “Notes”.,Vegeu el model indicat a “Notes”.,Vegeu el model indicat a “Notes”.,Vegeu el model indicat a “Notes”.,—,—,—,Model regular (-ar).
U05,"Family, Appearance & Personality",Regular,-ar,respectar,respectant,respectat,Exemple pendent de revisió.,Vegeu el model indicat a “Notes”.,Vegeu el model indicat a “Notes”.,Vegeu el model indicat a “Notes”.,Vegeu el model indicat a “Notes”.,Vegeu el model indicat a “Notes”.,Vegeu el model indicat a “Notes”.,Vegeu el model indicat a “Notes”.,Vegeu el model indicat a “Notes”.,—,—,—,Model regular (-ar).
U05,"Family, Appearance & Personality",Regular,-ar,semblar,semblant,semblat,Exemple pendent de revisió.,Vegeu el model indicat a “Notes”.,Vegeu el model indicat a “Notes”.,Vegeu el model indicat a “Notes”.,Vegeu el model indicat a “Notes”.,Vegeu el model indicat a “Notes”.,Vegeu el model indicat a “Notes”.,Vegeu el model indicat a “Notes”.,Vegeu el model indicat a “Notes”.,—,—,—,Model regular (-ar).
U05,"Family, Appearance & Personality",Regular,-ar,tornar-se,tornant-se,tornat,Exemple pendent de revisió.,Vegeu el model indicat a “Notes”.,Vegeu el model indicat a “Notes”.,Vegeu el model indicat a “Notes”.,Vegeu el model indicat a “Notes”.,Vegeu el model indicat a “Notes”.,Vegeu el model indicat a “Notes”.,Vegeu el model indicat a “Notes”.,Vegeu el model indicat a “Notes”.,—,—,—,Model regular (-ar).
U05,"Family, Appearance & Personality",Irregular,special,veure's,veure's,veure's,Exemple pendent de revisió.,Vegeu el model indicat a “Notes”.,Vegeu el model indicat a “Notes”.,Vegeu el model indicat a “Notes”.,Vegeu el model indicat a “Notes”.,Vegeu el model indicat a “Notes”.,Vegeu el model indicat a “Notes”.,Vegeu el model indicat a “Notes”.,Vegeu el model indicat a “Notes”.,—,—,—,Revisar model irregular.
U06,"Emotions, Mood & Physical States",Regular,-er/-re,témer,tement,temut,No hem de témer els errors quan aprenem.,"jo: temo
tu: tems
ell / ella / vostè: tem
nosaltres: temem
vosaltres: temeu
ells / elles / vostès: temen","jo: he temut
tu: has temut
ell / ella / vostè: ha temut
nosaltres: hem temut
vosaltres: heu temut
ells / elles / vostès: han temut","jo: temia
tu: temies
ell / ella / vostè: temia
nosaltres: temíem
vosaltres: temíeu
ells / elles / vostès: temien","jo: vaig témer
tu: vas témer
ell / ella / vostè: va témer
nosaltres: vam témer
vosaltres: vau témer
ells / elles / vostès: van témer","jo: temeré
tu: temeràs
ell / ella / vostè: temerà
nosaltres: temerem
vosaltres: temereu
ells / elles / vostès: temeran","jo: temeria
tu: temeries
ell / ella / vostè: temeria
nosaltres: temeríem
vosaltres: temeríeu
ells / elles / vostès: temerien","tem
temi
temem
temeu
temin","jo: temi
tu: temis
ell / ella / vostè: temi
nosaltres: temem
vosaltres: temeu
ells / elles / vostès: temin",temer,يخاف,to fear,
U06,"Emotions, Mood & Physical States",Regular,-ir,sentir,sentint,sentit,1) Sento una música molt suau. 2) Avui em sento cansat.,"jo: sento
tu: sents
ell / ella / vostè: sent
nosaltres: sentim
vosaltres: sentiu
ells / elles / vostès: senten","jo: he sentit
tu: has sentit
ell / ella / vostè: ha sentit
nosaltres: hem sentit
vosaltres: heu sentit
ells / elles / vostès: han sentit","jo: sentia
tu: senties
ell / ella / vostè: sentia
nosaltres: sentíem
vosaltres: sentíeu
ells / elles / vostès: sentien","jo: vaig sentir
tu: vas sentir
ell / ella / vostè: va sentir
nosaltres: vam sentir
vosaltres: vau sentir
ells / elles / vostès: van sentir","jo: sentiré
tu: sentiràs
ell / ella / vostè: sentirà
nosaltres: sentirem
vosaltres: sentireu
ells / elles / vostès: sentiran","jo: sentiria
tu: sentiries
ell / ella / vostè: sentiria
nosaltres: sentiríem
vosaltres: sentiríeu
ells / elles / vostès: sentirien","sent
senti
sentim
sentiu
sentin","jo: senti
tu: sentis
ell / ella / vostè: senti
nosaltres: sentim
vosaltres: sentiu
ells / elles / vostès: sentin",sentir; oír,يشعر؛ يسمع,to feel; hear,
U06,"Emotions, Mood & Physical States",Irregular,-er/-re,plaure,plaent,plagut,Em plau ajudar-te.,,,,,,,,,gustar; complacer,يسرّ,to please,
U06,"Emotions, Mood & Physical States",Irregular,-er/-re,riure,rient,rigut,Sempre riu quan està nerviós.,"jo: ric
tu: rius
ell / ella / vostè: riu
nosaltres: riem
vosaltres: rieu
ells / elles / vostès: riuen","jo: he rigut
tu: has rigut
ell / ella / vostè: ha rigut
nosaltres: hem rigut
vosaltres: heu rigut
ells / elles / vostès: han rigut","jo: reia
tu: reies
ell / ella / vostè: reia
nosaltres: rèiem
vosaltres: rèieu
ells / elles / vostès: reien","jo: vaig riure
tu: vas riure
ell / ella / vostè: va riure
nosaltres: vam riure
vosaltres: vau riure
ells / elles / vostès: van riure","jo: riuré
tu: riuràs
ell / ella / vostè: riurà
nosaltres: riurem
vosaltres: riureu
ells / elles / vostès: riuran","jo: riuria
tu: riuries
ell / ella / vostè: riuria
nosaltres: riuríem
vosaltres: riuríeu
ells / elles / vostès: riurien","riu
rigui
riguem
rieu
riguin","jo: rigui
tu: riguis
ell / ella / vostè: rigui
nosaltres: riguem
vosaltres: rigueu
ells / elles / vostès: riguin",reír,يضحك,to laugh,
U06,"Emotions, Mood & Physical States",Irregular,-ir,sofrir,sofrint,sofert,No vull sofrir per coses petites.,,,,,,,,,sufrir,يعاني,to suffer,
U06,"Emotions, Mood & Physical States",Regular,-ar,agradar,agradant,agradat,Exemple pendent de revisió.,Vegeu el model indicat a “Notes”.,Vegeu el model indicat a “Notes”.,Vegeu el model indicat a “Notes”.,Vegeu el model indicat a “Notes”.,Vegeu el model indicat a “Notes”.,Vegeu el model indicat a “Notes”.,Vegeu el model indicat a “Notes”.,Vegeu el model indicat a “Notes”.,—,—,—,Model regular (-ar).
U06,"Emotions, Mood & Physical States",Regular,-ar,alegrar-se,alegrant-se,alegrat,Exemple pendent de revisió.,Vegeu el model indicat a “Notes”.,Vegeu el model indicat a “Notes”.,Vegeu el model indicat a “Notes”.,Vegeu el model indicat a “Notes”.,Vegeu el model indicat a “Notes”.,Vegeu el model indicat a “Notes”.,Vegeu el model indicat a “Notes”.,Vegeu el model indicat a “Notes”.,—,—,—,Model regular (-ar).
U06,"Emotions, Mood & Physical States",Regular,-ir,avorrir-se,avorrint-se,avorrit,Exemple pendent de revisió.,Vegeu el model indicat a “Notes”.,Vegeu el model indicat a “Notes”.,Vegeu el model indicat a “Notes”.,Vegeu el model indicat a “Notes”.,Vegeu el model indicat a “Notes”.,Vegeu el model indicat a “Notes”.,Vegeu el model indicat a “Notes”.,Vegeu el model indicat a “Notes”.,—,—,—,Model regular (-ir).
U06,"Emotions, Mood & Physical States",Regular,-ir,divertir-se,divertint-se,divertit,Exemple pendent de revisió.,Vegeu el model indicat a “Notes”.,Vegeu el model indicat a “Notes”.,Vegeu el model indicat a “Notes”.,Vegeu el model indicat a “Notes”.,Vegeu el model indicat a “Notes”.,Vegeu el model indicat a “Notes”.,Vegeu el model indicat a “Notes”.,Vegeu el model indicat a “Notes”.,—,—,—,Model regular (-ir).
U06,"Emotions, Mood & Physical States",Regular,-ar,encantar,encantant,encantat,Exemple pendent de revisió.,Vegeu el model indicat a “Notes”.,Vegeu el model indicat a “Notes”.,Vegeu el model indicat a “Notes”.,Vegeu el model indicat a “Notes”.,Vegeu el model indicat a “Notes”.,Vegeu el model indicat a “Notes”.,Vegeu el model indicat a “Notes”.,Vegeu el model indicat a “Notes”.,—,—,—,Model regular (-ar).
U06,"Emotions, Mood & Physical States",Regular,-ar,estimar,estimant,estimat,Exemple pendent de revisió.,Vegeu el model indicat a “Notes”.,Vegeu el model indicat a “Notes”.,Vegeu el model indicat a “Notes”.,Vegeu el model indicat a “Notes”.,Vegeu el model indicat a “Notes”.,Vegeu el model indicat a “Notes”.,Vegeu el model indicat a “Notes”.,Vegeu el model indicat a “Notes”.,—,—,—,Model regular (-ar).
U06,"Emotions, Mood & Physical States",Regular,-ar,interessar,interessant,interessat,Exemple pendent de revisió.,Vegeu el model indicat a “Notes”.,Vegeu el model indicat a “Notes”.,Vegeu el model indicat a “Notes”.,Vegeu el model indicat a “Notes”.,Vegeu el model indicat a “Notes”.,Vegeu el model indicat a “Notes”.,Vegeu el model indicat a “Notes”.,Vegeu el model indicat a “Notes”.,—,—,—,Model regular (-ar).
U06,"Emotions, Mood & Physical States",Regular,-ar,interessar-se,interessant-se,interessat,Exemple pendent de revisió.,Vegeu el model indicat a “Notes”.,Vegeu el model indicat a “Notes”.,Vegeu el model indicat a “Notes”.,Vegeu el model indicat a “Notes”.,Vegeu el model indicat a “Notes”.,Vegeu el model indicat a “Notes”.,Vegeu el model indicat a “Notes”.,Vegeu el model indicat a “Notes”.,—,—,—,Model regular (-ar).
U06,"Emotions, Mood & Physical States",Regular,-ar,molestar,molestant,molestat,Exemple pendent de revisió.,Vegeu el model indicat a “Notes”.,Vegeu el model indicat a “Notes”.,Vegeu el model indicat a “Notes”.,Vegeu el model indicat a “Notes”.,Vegeu el model indicat a “Notes”.,Vegeu el model indicat a “Notes”.,Vegeu el model indicat a “Notes”.,Vegeu el model indicat a “Notes”.,—,—,—,Model regular (-ar).
U06,"Emotions, Mood & Physical States",Regular,-ar,odiar,odiant,odiat,Exemple pendent de revisió.,Vegeu el model indicat a “Notes”.,Vegeu el model indicat a “Notes”.,Vegeu el model indicat a “Notes”.,Vegeu el model indicat a “Notes”.,Vegeu el model indicat a “Notes”.,Vegeu el model indicat a “Notes”.,Vegeu el model indicat a “Notes”.,Vegeu el model indicat a “Notes”.,—,—,—,Model regular (-ar).
U06,"Emotions, Mood & Physical States",Irregular,-ir,preferir,preferint,preferit,Exemple pendent de revisió.,Vegeu el model indicat a “Notes”.,Vegeu el model indicat a “Notes”.,Vegeu el model indicat a “Notes”.,Vegeu el model indicat a “Notes”.,Vegeu el model indicat a “Notes”.,Vegeu el model indicat a “Notes”.,Vegeu el model indicat a “Notes”.,Vegeu el model indicat a “Notes”.,—,—,—,Revisar model irregular.
U06,"Emotions, Mood & Physical States",Regular,-ar,preocupar,preocupant,preocupat,Exemple pendent de revisió.,Vegeu el model indicat a “Notes”.,Vegeu el model indicat a “Notes”.,Vegeu el model indicat a “Notes”.,Vegeu el model indicat a “Notes”.,Vegeu el model indicat a “Notes”.,Vegeu el model indicat a “Notes”.,Vegeu el model indicat a “Notes”.,Vegeu el model indicat a “Notes”.,—,—,—,Model regular (-ar).
U06,"Emotions, Mood & Physical States",Regular,-ar,preocupar-se,preocupant-se,preocupat,Exemple pendent de revisió.,Vegeu el model indicat a “Notes”.,Vegeu el model indicat a “Notes”.,Vegeu el model indicat a “Notes”.,Vegeu el model indicat a “Notes”.,Vegeu el model indicat a “Notes”.,Vegeu el model indicat a “Notes”.,Vegeu el model indicat a “Notes”.,Vegeu el model indicat a “Notes”.,—,—,—,Model regular (-ar).
U06,"Emotions, Mood & Physical States",Regular,-ar,relaxar-se,relaxant-se,relaxat,Exemple pendent de revisió.,Vegeu el model indicat a “Notes”.,Vegeu el model indicat a “Notes”.,Vegeu el model indicat a “Notes”.,Vegeu el model indicat a “Notes”.,Vegeu el model indicat a “Notes”.,Vegeu el model indicat a “Notes”.,Vegeu el model indicat a “Notes”.,Vegeu el model indicat a “Notes”.,—,—,—,Model regular (-ar).
U06,"Emotions, Mood & Physical States",Regular,-ar,queixar-se,queixant-se,queixat,Sempre es queixa del soroll.,Vegeu el model indicat a “Notes”.,Vegeu el model indicat a “Notes”.,Vegeu el model indicat a “Notes”.,Vegeu el model indicat a “Notes”.,Vegeu el model indicat a “Notes”.,Vegeu el model indicat a “Notes”.,Vegeu el model indicat a “Notes”.,Vegeu el model indicat a “Notes”.,quejarse,,to complain,Model regular (-ar) amb pronoms febles.
U06,"Emotions, Mood & Physical States",Expression,multiword,estimar-se més,—,—,M’estimo més quedar-me a casa.,Vegeu el model indicat a “Notes”.,Vegeu el model indicat a “Notes”.,Vegeu el model indicat a “Notes”.,Vegeu el model indicat a “Notes”.,Vegeu el model indicat a “Notes”.,Vegeu el model indicat a “Notes”.,Vegeu el model indicat a “Notes”.,Vegeu el model indicat a “Notes”.,preferir,,to prefer; would rather,Expressió de preferència: model d’estimar + més.
U07,"Household Details, Storage & Table Setting",Irregular,-er/-re,encendre,encenent,encès,"Encén el llum, que no hi veig bé.",Vegeu el model indicat a “Notes”.,Vegeu el model indicat a “Notes”.,Vegeu el model indicat a “Notes”.,Vegeu el model indicat a “Notes”.,Vegeu el model indicat a “Notes”.,Vegeu el model indicat a “Notes”.,Vegeu el model indicat a “Notes”.,Vegeu el model indicat a “Notes”.,encender,يشعل,to light; switch on,
U07,"Household Details, Storage & Table Setting",Irregular,-er/-re,estendre,estenent,estès,Estén la roba al balcó.,Vegeu el model indicat a “Notes”.,Vegeu el model indicat a “Notes”.,Vegeu el model indicat a “Notes”.,Vegeu el model indicat a “Notes”.,Vegeu el model indicat a “Notes”.,Vegeu el model indicat a “Notes”.,Vegeu el model indicat a “Notes”.,Vegeu el model indicat a “Notes”.,extender,يمدّ,to spread out,
U07,"Household Details, Storage & Table Setting",Irregular,-ir,cobrir,cobrint,cobert,La neu cobreix la muntanya.,,,,,,,,,cubrir,يغطي,to cover,
U07,"Household Details, Storage & Table Setting",Irregular,-ir,omplir,omplint,omplert,Omple l’ampolla d’aigua.,,,,,,,,,llenar,يملأ,to fill,
U07,"Household Details, Storage & Table Setting",Regular,-ar,col·locar,col·locant,col·locat,Exemple pendent de revisió.,Vegeu el model indicat a “Notes”.,Vegeu el model indicat a “Notes”.,Vegeu el model indicat a “Notes”.,Vegeu el model indicat a “Notes”.,Vegeu el model indicat a “Notes”.,Vegeu el model indicat a “Notes”.,Vegeu el model indicat a “Notes”.,Vegeu el model indicat a “Notes”.,—,—,—,Model regular (-ar).
U07,"Household Details, Storage & Table Setting",Regular,-ar,guardar,guardant,guardat,Exemple pendent de revisió.,Vegeu el model indicat a “Notes”.,Vegeu el model indicat a “Notes”.,Vegeu el model indicat a “Notes”.,Vegeu el model indicat a “Notes”.,Vegeu el model indicat a “Notes”.,Vegeu el model indicat a “Notes”.,Vegeu el model indicat a “Notes”.,Vegeu el model indicat a “Notes”.,—,—,—,Model regular (-ar).
U07,"Household Details, Storage & Table Setting",Regular,-ar,ordenar,ordenant,ordenat,Exemple pendent de revisió.,Vegeu el model indicat a “Notes”.,Vegeu el model indicat a “Notes”.,Vegeu el model indicat a “Notes”.,Vegeu el model indicat a “Notes”.,Vegeu el model indicat a “Notes”.,Vegeu el model indicat a “Notes”.,Vegeu el model indicat a “Notes”.,Vegeu el model indicat a “Notes”.,—,—,—,Model regular (-ar).
U08,"Food, Ingredients & Cooking",Regular,-ar,sopar,sopant,sopat,Sopem a les nou cada dissabte.,"jo: sopo
tu: sopes
ell / ella / vostè: sopa
nosaltres: sopem
vosaltres: sopeu
ells / elles / vostès: sopen","jo: he sopat
tu: has sopat
ell / ella / vostè: ha sopat
nosaltres: hem sopat
vosaltres: heu sopat
ells / elles / vostès: han sopat","jo: sopava
tu: sopaves
ell / ella / vostè: sopava
nosaltres: sopàvem
vosaltres: sopàveu
ells / elles / vostès: sopaven","jo: vaig sopar
tu: vas sopar
ell / ella / vostè: va sopar
nosaltres: vam sopar
vosaltres: vau sopar
ells / elles / vostès: van sopar","jo: soparé
tu: soparàs
ell / ella / vostè: soparà
nosaltres: soparem
vosaltres: sopareu
ells / elles / vostès: soparan","jo: soparia
tu: soparies
ell / ella / vostè: soparia
nosaltres: soparíem
vosaltres: soparíeu
ells / elles / vostès: soparien","sopa
sopi
sopem
sopeu
sopin","jo: sopi
tu: sopis
ell / ella / vostè: sopi
nosaltres: sopem
vosaltres: sopeu
ells / elles / vostès: sopin",cenar,يتعشّى,to have dinner,
U08,"Food, Ingredients & Cooking",Irregular,-er/-re,beure,bevent,begut,Al matí bec cafè amb llet.,"jo: bec
tu: beus
ell / ella / vostè: beu
nosaltres: bevem
vosaltres: beveu
ells / elles / vostès: beuen","jo: he begut
tu: has begut
ell / ella / vostè: ha begut
nosaltres: hem begut
vosaltres: heu begut
ells / elles / vostès: han begut","jo: bevia
tu: bevies
ell / ella / vostè: bevia
nosaltres: bevíem
vosaltres: bevíeu
ells / elles / vostès: bevien","jo: vaig beure
tu: vas beure
ell / ella / vostè: va beure
nosaltres: vam beure
vosaltres: vau beure
ells / elles / vostès: van beure","jo: beuré
tu: beuràs
ell / ella / vostè: beurà
nosaltres: beurem
vosaltres: beureu
ells / elles / vostès: beuran","jo: beuria
tu: beuries
ell / ella / vostè: beuria
nosaltres: beuríem
vosaltres: beuríeu
ells / elles / vostès: beurien","beu
begui
beguem
beveu
beguin","jo: begui
tu: beguis
ell / ella / vostè: begui
nosaltres: beguem
vosaltres: begueu
ells / elles / vostès: beguin",beber,يشرب,to drink,
U08,"Food, Ingredients & Cooking",Irregular,-er/-re,coure,coent,cuit/cogut,Avui courem verdures al forn.,,,,,,,,,cocer,يطبخ,to cook,
U08,"Food, Ingredients & Cooking",Irregular,-er/-re,moldre,molent,mòlt,Molen el cafè al moment.,,,,,,,,,moler,يطحن,to grind,
U08,"Food, Ingredients & Cooking",Irregular,-er/-re,prendre,prenent,pres,1) Pren un cafè. 2) Hem pres una decisió.,Vegeu el model indicat a “Notes”.,Vegeu el model indicat a “Notes”.,Vegeu el model indicat a “Notes”.,Vegeu el model indicat a “Notes”.,Vegeu el model indicat a “Notes”.,Vegeu el model indicat a “Notes”.,Vegeu el model indicat a “Notes”.,Vegeu el model indicat a “Notes”.,tomar,يأخذ,to take,
U08,"Food, Ingredients & Cooking",Irregular,-ir,collir,collint,collit,A la tardor collim bolets.,Vegeu el model indicat a “Notes”.,Vegeu el model indicat a “Notes”.,Vegeu el model indicat a “Notes”.,Vegeu el model indicat a “Notes”.,Vegeu el model indicat a “Notes”.,Vegeu el model indicat a “Notes”.,Vegeu el model indicat a “Notes”.,Vegeu el model indicat a “Notes”.,coger; recoger,يقطف,to pick,
U08,"Food, Ingredients & Cooking",Regular,-ir,bullir,bullint,bullit,Exemple pendent de revisió.,Vegeu el model indicat a “Notes”.,Vegeu el model indicat a “Notes”.,Vegeu el model indicat a “Notes”.,Vegeu el model indicat a “Notes”.,Vegeu el model indicat a “Notes”.,Vegeu el model indicat a “Notes”.,Vegeu el model indicat a “Notes”.,Vegeu el model indicat a “Notes”.,—,—,—,Model regular (-ir).
U08,"Food, Ingredients & Cooking",Regular,-ar,comprar,comprant,comprat,Exemple pendent de revisió.,Vegeu el model indicat a “Notes”.,Vegeu el model indicat a “Notes”.,Vegeu el model indicat a “Notes”.,Vegeu el model indicat a “Notes”.,Vegeu el model indicat a “Notes”.,Vegeu el model indicat a “Notes”.,Vegeu el model indicat a “Notes”.,Vegeu el model indicat a “Notes”.,—,—,—,Model regular (-ar).
U08,"Food, Ingredients & Cooking",Regular,-ar,cuinar,cuinant,cuinat,Exemple pendent de revisió.,Vegeu el model indicat a “Notes”.,Vegeu el model indicat a “Notes”.,Vegeu el model indicat a “Notes”.,Vegeu el model indicat a “Notes”.,Vegeu el model indicat a “Notes”.,Vegeu el model indicat a “Notes”.,Vegeu el model indicat a “Notes”.,Vegeu el model indicat a “Notes”.,—,—,—,Model regular (-ar).
U08,"Food, Ingredients & Cooking",Regular,-ar,demanar,demanant,demanat,Exemple pendent de revisió.,Vegeu el model indicat a “Notes”.,Vegeu el model indicat a “Notes”.,Vegeu el model indicat a “Notes”.,Vegeu el model indicat a “Notes”.,Vegeu el model indicat a “Notes”.,Vegeu el model indicat a “Notes”.,Vegeu el model indicat a “Notes”.,Vegeu el model indicat a “Notes”.,—,—,—,Model regular (-ar).
U08,"Food, Ingredients & Cooking",Regular,-ar,dinar,dinant,dinat,Exemple pendent de revisió.,Vegeu el model indicat a “Notes”.,Vegeu el model indicat a “Notes”.,Vegeu el model indicat a “Notes”.,Vegeu el model indicat a “Notes”.,Vegeu el model indicat a “Notes”.,Vegeu el model indicat a “Notes”.,Vegeu el model indicat a “Notes”.,Vegeu el model indicat a “Notes”.,—,—,—,Model regular (-ar).
U08,"Food, Ingredients & Cooking",Regular,-ar,esmorzar,esmorzant,esmorzat,Exemple pendent de revisió.,Vegeu el model indicat a “Notes”.,Vegeu el model indicat a “Notes”.,Vegeu el model indicat a “Notes”.,Vegeu el model indicat a “Notes”.,Vegeu el model indicat a “Notes”.,Vegeu el model indicat a “Notes”.,Vegeu el model indicat a “Notes”.,Vegeu el model indicat a “Notes”.,—,—,—,Model regular (-ar).
U08,"Food, Ingredients & Cooking",Regular,-ar,gastar,gastant,gastat,Exemple pendent de revisió.,Vegeu el model indicat a “Notes”.,Vegeu el model indicat a “Notes”.,Vegeu el model indicat a “Notes”.,Vegeu el model indicat a “Notes”.,Vegeu el model indicat a “Notes”.,Vegeu el model indicat a “Notes”.,Vegeu el model indicat a “Notes”.,Vegeu el model indicat a “Notes”.,—,—,—,Model regular (-ar).
U08,"Food, Ingredients & Cooking",Regular,-ar,menjar,menjant,menjat,Exemple pendent de revisió.,Vegeu el model indicat a “Notes”.,Vegeu el model indicat a “Notes”.,Vegeu el model indicat a “Notes”.,Vegeu el model indicat a “Notes”.,Vegeu el model indicat a “Notes”.,Vegeu el model indicat a “Notes”.,Vegeu el model indicat a “Notes”.,Vegeu el model indicat a “Notes”.,—,—,—,Model regular (-ar).
U08,"Food, Ingredients & Cooking",Regular,-ar,pagar,pagant,pagat,Exemple pendent de revisió.,Vegeu el model indicat a “Notes”.,Vegeu el model indicat a “Notes”.,Vegeu el model indicat a “Notes”.,Vegeu el model indicat a “Notes”.,Vegeu el model indicat a “Notes”.,Vegeu el model indicat a “Notes”.,Vegeu el model indicat a “Notes”.,Vegeu el model indicat a “Notes”.,—,—,—,Model regular (-ar).
U08,"Food, Ingredients & Cooking",Regular,-ar,pesar,pesant,pesat,Exemple pendent de revisió.,Vegeu el model indicat a “Notes”.,Vegeu el model indicat a “Notes”.,Vegeu el model indicat a “Notes”.,Vegeu el model indicat a “Notes”.,Vegeu el model indicat a “Notes”.,Vegeu el model indicat a “Notes”.,Vegeu el model indicat a “Notes”.,Vegeu el model indicat a “Notes”.,—,—,—,Model regular (-ar).
U08,"Food, Ingredients & Cooking",Regular,-ar,preparar,preparant,preparat,Exemple pendent de revisió.,Vegeu el model indicat a “Notes”.,Vegeu el model indicat a “Notes”.,Vegeu el model indicat a “Notes”.,Vegeu el model indicat a “Notes”.,Vegeu el model indicat a “Notes”.,Vegeu el model indicat a “Notes”.,Vegeu el model indicat a “Notes”.,Vegeu el model indicat a “Notes”.,—,—,—,Model regular (-ar).
U08,"Food, Ingredients & Cooking",Regular,-ar,provar,provant,provat,Exemple pendent de revisió.,Vegeu el model indicat a “Notes”.,Vegeu el model indicat a “Notes”.,Vegeu el model indicat a “Notes”.,Vegeu el model indicat a “Notes”.,Vegeu el model indicat a “Notes”.,Vegeu el model indicat a “Notes”.,Vegeu el model indicat a “Notes”.,Vegeu el model indicat a “Notes”.,—,—,—,Model regular (-ar).
U08,"Food, Ingredients & Cooking",Regular,-ar,reservar,reservant,reservat,Exemple pendent de revisió.,Vegeu el model indicat a “Notes”.,Vegeu el model indicat a “Notes”.,Vegeu el model indicat a “Notes”.,Vegeu el model indicat a “Notes”.,Vegeu el model indicat a “Notes”.,Vegeu el model indicat a “Notes”.,Vegeu el model indicat a “Notes”.,Vegeu el model indicat a “Notes”.,—,—,—,Model regular (-ar).
U08,"Food, Ingredients & Cooking",Irregular,-ir,servir,servint,servit,Exemple pendent de revisió.,Vegeu el model indicat a “Notes”.,Vegeu el model indicat a “Notes”.,Vegeu el model indicat a “Notes”.,Vegeu el model indicat a “Notes”.,Vegeu el model indicat a “Notes”.,Vegeu el model indicat a “Notes”.,Vegeu el model indicat a “Notes”.,Vegeu el model indicat a “Notes”.,—,—,—,Revisar model irregular.
U08,"Food, Ingredients & Cooking",Regular,-ar,tastar,tastant,tastat,Exemple pendent de revisió.,Vegeu el model indicat a “Notes”.,Vegeu el model indicat a “Notes”.,Vegeu el model indicat a “Notes”.,Vegeu el model indicat a “Notes”.,Vegeu el model indicat a “Notes”.,Vegeu el model indicat a “Notes”.,Vegeu el model indicat a “Notes”.,Vegeu el model indicat a “Notes”.,—,—,—,Model regular (-ar).
U08,"Food, Ingredients & Cooking",Regular,-ar,triar,triant,triat,Exemple pendent de revisió.,Vegeu el model indicat a “Notes”.,Vegeu el model indicat a “Notes”.,Vegeu el model indicat a “Notes”.,Vegeu el model indicat a “Notes”.,Vegeu el model indicat a “Notes”.,Vegeu el model indicat a “Notes”.,Vegeu el model indicat a “Notes”.,Vegeu el model indicat a “Notes”.,—,—,—,Model regular (-ar).
U08,"Food, Ingredients & Cooking",Regular,-ar,ratllar,ratllant,ratllat,Cal ratllar una mica de formatge.,"jo: ratllo
tu: ratlles
ell / ella / vostè: ratlla
nosaltres: ratllem
vosaltres: ratlleu
ells / elles / vostès: ratllen","jo: he ratllat
tu: has ratllat
ell / ella / vostè: ha ratllat
nosaltres: hem ratllat
vosaltres: heu ratllat
ells / elles / vostès: han ratllat","jo: ratllava
tu: ratllaves
ell / ella / vostè: ratllava
nosaltres: ratllàvem
vosaltres: ratllàveu
ells / elles / vostès: ratllaven","jo: vaig ratllar
tu: vas ratllar
ell / ella / vostè: va ratllar
nosaltres: vam ratllar
vosaltres: vau ratllar
ells / elles / vostès: van ratllar","jo: ratllaré
tu: ratllaràs
ell / ella / vostè: ratllarà
nosaltres: ratllarem
vosaltres: ratllareu
ells / elles / vostès: ratllaran","jo: ratllaria
tu: ratllaries
ell / ella / vostè: ratllaria
nosaltres: ratllaríem
vosaltres: ratllaríeu
ells / elles / vostès: ratllarien","ratlla
ratlli
ratllem
ratlleu
ratllin","jo: ratlli
tu: ratllis
ell / ella / vostè: ratlli
nosaltres: ratllem
vosaltres: ratlleu
ells / elles / vostès: ratllin",rallar,,to grate,
U08,"Food, Ingredients & Cooking",Regular,-ar,tallar,tallant,tallat,Tallaré el pa abans de sopar.,"jo: tallo
tu: talles
ell / ella / vostè: talla
nosaltres: tallem
vosaltres: talleu
ells / elles / vostès: tallen","jo: he tallat
tu: has tallat
ell / ella / vostè: ha tallat
nosaltres: hem tallat
vosaltres: heu tallat
ells / elles / vostès: han tallat","jo: tallava
tu: tallaves
ell / ella / vostè: tallava
nosaltres: tallàvem
vosaltres: tallàveu
ells / elles / vostès: tallaven","jo: vaig tallar
tu: vas tallar
ell / ella / vostè: va tallar
nosaltres: vam tallar
vosaltres: vau tallar
ells / elles / vostès: van tallar","jo: tallaré
tu: tallaràs
ell / ella / vostè: tallarà
nosaltres: tallarem
vosaltres: tallareu
ells / elles / vostès: tallaran","jo: tallaria
tu: tallaries
ell / ella / vostè: tallaria
nosaltres: tallaríem
vosaltres: tallaríeu
ells / elles / vostès: tallarien","talla
talli
tallem
talleu
tallin","jo: talli
tu: tallis
ell / ella / vostè: talli
nosaltres: tallem
vosaltres: talleu
ells / elles / vostès: tallin",cortar,,to cut,
U09,"Weather, Repairs & Daily Problems",Irregular,-er/-re,caldre,calent,calgut,Cal arribar d’hora.,,,,,,,,,hacer falta,يلزم,to be necessary,
U09,"Weather, Repairs & Daily Problems",Irregular,-er/-re,caldre/caler,calent,calgut,"Per aprovar, cal estudiar cada dia.","3a sing.: cal
3a pl.: calen",impers.: ha calgut,"3a sing.: calia
3a pl.: calien",impers.: va caldre,"3a sing.: caldrà
3a pl.: caldran","3a sing.: caldria
3a pl.: caldrien",—,"3a sing.: calgui
3a pl.: calguin",hacer falta,يلزم,to be necessary,
U09,"Weather, Repairs & Daily Problems",Irregular,-er/-re,caure,caient,caigut,El got ha caigut a terra.,"jo: caic
tu: caus
ell / ella / vostè: cau
nosaltres: caiem
vosaltres: caieu
ells / elles / vostès: cauen","jo: he caigut
tu: has caigut
ell / ella / vostè: ha caigut
nosaltres: hem caigut
vosaltres: heu caigut
ells / elles / vostès: han caigut","jo: queia
tu: queies
ell / ella / vostè: queia
nosaltres: quèiem
vosaltres: quèieu
ells / elles / vostès: queien","jo: vaig caure
tu: vas caure
ell / ella / vostè: va caure
nosaltres: vam caure
vosaltres: vau caure
ells / elles / vostès: van caure","jo: cauré
tu: cauràs
ell / ella / vostè: caurà
nosaltres: caurem
vosaltres: caureu
ells / elles / vostès: cauran","jo: cauria
tu: cauries
ell / ella / vostè: cauria
nosaltres: cauríem
vosaltres: cauríeu
ells / elles / vostès: caurien","cau
caigui
caiguem
caieu
caiguin","jo: caigui
tu: caiguis
ell / ella / vostè: caigui
nosaltres: caiguem
vosaltres: caigueu
ells / elles / vostès: caiguin",caer,يسقط,to fall,
U09,"Weather, Repairs & Daily Problems",Irregular,-er/-re,dependre,depenent,depès,Tot depèn del temps que tinguem.,Vegeu el model indicat a “Notes”.,Vegeu el model indicat a “Notes”.,Vegeu el model indicat a “Notes”.,Vegeu el model indicat a “Notes”.,Vegeu el model indicat a “Notes”.,Vegeu el model indicat a “Notes”.,Vegeu el model indicat a “Notes”.,Vegeu el model indicat a “Notes”.,depender,يعتمد,to depend,
U09,"Weather, Repairs & Daily Problems",Irregular,-er/-re,estrènyer,estrenyent,estret,Estreny bé el cargol.,,,,,,,,,apretar,يشدّ,to squeeze; tighten,
U09,"Weather, Repairs & Daily Problems",Irregular,-er/-re,fondre,fonent,fos,La calor ha fos la neu.,,,,,,,,,fundir,يذيب,to melt,
U09,"Weather, Repairs & Daily Problems",Regular,-ar,arreglar,arreglant,arreglat,Exemple pendent de revisió.,Vegeu el model indicat a “Notes”.,Vegeu el model indicat a “Notes”.,Vegeu el model indicat a “Notes”.,Vegeu el model indicat a “Notes”.,Vegeu el model indicat a “Notes”.,Vegeu el model indicat a “Notes”.,Vegeu el model indicat a “Notes”.,Vegeu el model indicat a “Notes”.,—,—,—,Model regular (-ar).
U09,"Weather, Repairs & Daily Problems",Regular,-ar,bufar,bufant,bufat,Exemple pendent de revisió.,Vegeu el model indicat a “Notes”.,Vegeu el model indicat a “Notes”.,Vegeu el model indicat a “Notes”.,Vegeu el model indicat a “Notes”.,Vegeu el model indicat a “Notes”.,Vegeu el model indicat a “Notes”.,Vegeu el model indicat a “Notes”.,Vegeu el model indicat a “Notes”.,—,—,—,Model regular (-ar).
U09,"Weather, Repairs & Daily Problems",Irregular,-er/-re,créixer,créixent,créixut,Exemple pendent de revisió.,Vegeu el model indicat a “Notes”.,Vegeu el model indicat a “Notes”.,Vegeu el model indicat a “Notes”.,Vegeu el model indicat a “Notes”.,Vegeu el model indicat a “Notes”.,Vegeu el model indicat a “Notes”.,Vegeu el model indicat a “Notes”.,Vegeu el model indicat a “Notes”.,—,—,—,Revisar model irregular.
U09,"Weather, Repairs & Daily Problems",Regular,-ar,faltar,faltant,faltat,Exemple pendent de revisió.,Vegeu el model indicat a “Notes”.,Vegeu el model indicat a “Notes”.,Vegeu el model indicat a “Notes”.,Vegeu el model indicat a “Notes”.,Vegeu el model indicat a “Notes”.,Vegeu el model indicat a “Notes”.,Vegeu el model indicat a “Notes”.,Vegeu el model indicat a “Notes”.,—,—,—,Model regular (-ar).
U09,"Weather, Repairs & Daily Problems",Regular,-ir,florir,florint,florit,Exemple pendent de revisió.,Vegeu el model indicat a “Notes”.,Vegeu el model indicat a “Notes”.,Vegeu el model indicat a “Notes”.,Vegeu el model indicat a “Notes”.,Vegeu el model indicat a “Notes”.,Vegeu el model indicat a “Notes”.,Vegeu el model indicat a “Notes”.,Vegeu el model indicat a “Notes”.,—,—,—,Model regular (-ir).
U09,"Weather, Repairs & Daily Problems",Regular,-ar,nevar,nevant,nevat,Exemple pendent de revisió.,Vegeu el model indicat a “Notes”.,Vegeu el model indicat a “Notes”.,Vegeu el model indicat a “Notes”.,Vegeu el model indicat a “Notes”.,Vegeu el model indicat a “Notes”.,Vegeu el model indicat a “Notes”.,Vegeu el model indicat a “Notes”.,Vegeu el model indicat a “Notes”.,—,—,—,Model regular (-ar).
U09,"Weather, Repairs & Daily Problems",Irregular,-er/-re,ploure,plouent,plouut,Exemple pendent de revisió.,Vegeu el model indicat a “Notes”.,Vegeu el model indicat a “Notes”.,Vegeu el model indicat a “Notes”.,Vegeu el model indicat a “Notes”.,Vegeu el model indicat a “Notes”.,Vegeu el model indicat a “Notes”.,Vegeu el model indicat a “Notes”.,Vegeu el model indicat a “Notes”.,—,—,—,Revisar model irregular.
U09,"Weather, Repairs & Daily Problems",Regular,-ar,reparar,reparant,reparat,Exemple pendent de revisió.,Vegeu el model indicat a “Notes”.,Vegeu el model indicat a “Notes”.,Vegeu el model indicat a “Notes”.,Vegeu el model indicat a “Notes”.,Vegeu el model indicat a “Notes”.,Vegeu el model indicat a “Notes”.,Vegeu el model indicat a “Notes”.,Vegeu el model indicat a “Notes”.,—,—,—,Model regular (-ar).
U09,"Weather, Repairs & Daily Problems",Regular,-ar,costar,costant,costat,Aquest exercici em costa una mica.,"jo: costo
tu: costes
ell / ella / vostè: costa
nosaltres: costem
vosaltres: costeu
ells / elles / vostès: costen","jo: he costat
tu: has costat
ell / ella / vostè: ha costat
nosaltres: hem costat
vosaltres: heu costat
ells / elles / vostès: han costat","jo: costava
tu: costaves
ell / ella / vostè: costava
nosaltres: costàvem
vosaltres: costàveu
ells / elles / vostès: costaven","jo: vaig costar
tu: vas costar
ell / ella / vostè: va costar
nosaltres: vam costar
vosaltres: vau costar
ells / elles / vostès: van costar","jo: costaré
tu: costaràs
ell / ella / vostè: costarà
nosaltres: costarem
vosaltres: costareu
ells / elles / vostès: costaran","jo: costaria
tu: costaries
ell / ella / vostè: costaria
nosaltres: costaríem
vosaltres: costaríeu
ells / elles / vostès: costarien","costa
costi
costem
costeu
costin","jo: costi
tu: costis
ell / ella / vostè: costi
nosaltres: costem
vosaltres: costeu
ells / elles / vostès: costin",costar,,to cost; be difficult,
U10,"Clothing, Size & Materials",Irregular,-ir,cosir,cosint,cosit,La meva àvia cus molt bé.,Vegeu el model indicat a “Notes”.,Vegeu el model indicat a “Notes”.,Vegeu el model indicat a “Notes”.,Vegeu el model indicat a “Notes”.,Vegeu el model indicat a “Notes”.,Vegeu el model indicat a “Notes”.,Vegeu el model indicat a “Notes”.,Vegeu el model indicat a “Notes”.,coser,يخيط,to sew,
U10,"Clothing, Size & Materials",Regular,-ar,posar-se,posant-se,posat,Exemple pendent de revisió.,Vegeu el model indicat a “Notes”.,Vegeu el model indicat a “Notes”.,Vegeu el model indicat a “Notes”.,Vegeu el model indicat a “Notes”.,Vegeu el model indicat a “Notes”.,Vegeu el model indicat a “Notes”.,Vegeu el model indicat a “Notes”.,Vegeu el model indicat a “Notes”.,—,—,—,Model regular (-ar).
U10,"Clothing, Size & Materials",Regular,-ir,vestir-se,vestint-se,vestit,Exemple pendent de revisió.,Vegeu el model indicat a “Notes”.,Vegeu el model indicat a “Notes”.,Vegeu el model indicat a “Notes”.,Vegeu el model indicat a “Notes”.,Vegeu el model indicat a “Notes”.,Vegeu el model indicat a “Notes”.,Vegeu el model indicat a “Notes”.,Vegeu el model indicat a “Notes”.,—,—,—,Model regular (-ir).
U11,"Quantifiers, Mini-Phrases & Discourse Tools",Irregular,-er/-re,deure,devent,degut,1) Deu ser molt tard. 2) Encara et dec deu euros.,Vegeu el model indicat a “Notes”.,Vegeu el model indicat a “Notes”.,Vegeu el model indicat a “Notes”.,Vegeu el model indicat a “Notes”.,Vegeu el model indicat a “Notes”.,Vegeu el model indicat a “Notes”.,Vegeu el model indicat a “Notes”.,Vegeu el model indicat a “Notes”.,deber,يجب؛ يدين,must; to owe,
U11,"Quantifiers, Mini-Phrases & Discourse Tools",Irregular,-er/-re,haver,havent,hagut,Has d’haver acabat abans de les sis.,,,,,,,,,haber,يكون فعلًا مساعدًا,to have (aux.),
U11,"Quantifiers, Mini-Phrases & Discourse Tools",Irregular,-er/-re,valer,valent,valgut,Aquest bitllet ja no val.,Vegeu el model indicat a “Notes”.,Vegeu el model indicat a “Notes”.,Vegeu el model indicat a “Notes”.,Vegeu el model indicat a “Notes”.,Vegeu el model indicat a “Notes”.,Vegeu el model indicat a “Notes”.,Vegeu el model indicat a “Notes”.,Vegeu el model indicat a “Notes”.,valer,يساوي,to be worth; be valid,Revisar model irregular.
U11,"Quantifiers, Mini-Phrases & Discourse Tools",Expression,multiword,estar d’acord,—,—,Estic d’acord amb tu.,Vegeu el model indicat a “Notes”.,Vegeu el model indicat a “Notes”.,Vegeu el model indicat a “Notes”.,Vegeu el model indicat a “Notes”.,Vegeu el model indicat a “Notes”.,Vegeu el model indicat a “Notes”.,Vegeu el model indicat a “Notes”.,Vegeu el model indicat a “Notes”.,estar de acuerdo,,to agree,Locució verbal: model d’estar + d’acord.
U12,Catalan Culture & Community Events,Irregular,-er/-re,compondre,component,compost,Ha compost una cançó preciosa.,Vegeu el model indicat a “Notes”.,Vegeu el model indicat a “Notes”.,Vegeu el model indicat a “Notes”.,Vegeu el model indicat a “Notes”.,Vegeu el model indicat a “Notes”.,Vegeu el model indicat a “Notes”.,Vegeu el model indicat a “Notes”.,Vegeu el model indicat a “Notes”.,componer,يؤلّف,to compose,
U12,Catalan Culture & Community Events,Irregular,-er/-re,difondre,difonent,difós,Les xarxes difonen la notícia ràpidament.,Vegeu el model indicat a “Notes”.,Vegeu el model indicat a “Notes”.,Vegeu el model indicat a “Notes”.,Vegeu el model indicat a “Notes”.,Vegeu el model indicat a “Notes”.,Vegeu el model indicat a “Notes”.,Vegeu el model indicat a “Notes”.,Vegeu el model indicat a “Notes”.,difundir,ينشر,to spread,
U12,Catalan Culture & Community Events,Regular,-ar,acomiadar-se,acomiadant-se,acomiadat,Exemple pendent de revisió.,Vegeu el model indicat a “Notes”.,Vegeu el model indicat a “Notes”.,Vegeu el model indicat a “Notes”.,Vegeu el model indicat a “Notes”.,Vegeu el model indicat a “Notes”.,Vegeu el model indicat a “Notes”.,Vegeu el model indicat a “Notes”.,Vegeu el model indicat a “Notes”.,—,—,—,Model regular (-ar).
U12,Catalan Culture & Community Events,Regular,-ar,ajudar,ajudant,ajudat,Exemple pendent de revisió.,Vegeu el model indicat a “Notes”.,Vegeu el model indicat a “Notes”.,Vegeu el model indicat a “Notes”.,Vegeu el model indicat a “Notes”.,Vegeu el model indicat a “Notes”.,Vegeu el model indicat a “Notes”.,Vegeu el model indicat a “Notes”.,Vegeu el model indicat a “Notes”.,—,—,—,Model regular (-ar).
U12,Catalan Culture & Community Events,Regular,-ir,compartir,compartint,compartit,Exemple pendent de revisió.,Vegeu el model indicat a “Notes”.,Vegeu el model indicat a “Notes”.,Vegeu el model indicat a “Notes”.,Vegeu el model indicat a “Notes”.,Vegeu el model indicat a “Notes”.,Vegeu el model indicat a “Notes”.,Vegeu el model indicat a “Notes”.,Vegeu el model indicat a “Notes”.,—,—,—,Model regular (-ir).
U12,Catalan Culture & Community Events,Regular,-ar,convidar,convidant,convidat,Exemple pendent de revisió.,Vegeu el model indicat a “Notes”.,Vegeu el model indicat a “Notes”.,Vegeu el model indicat a “Notes”.,Vegeu el model indicat a “Notes”.,Vegeu el model indicat a “Notes”.,Vegeu el model indicat a “Notes”.,Vegeu el model indicat a “Notes”.,Vegeu el model indicat a “Notes”.,—,—,—,Model regular (-ar).
U12,Catalan Culture & Community Events,Regular,-ar,esperar,esperant,esperat,Exemple pendent de revisió.,Vegeu el model indicat a “Notes”.,Vegeu el model indicat a “Notes”.,Vegeu el model indicat a “Notes”.,Vegeu el model indicat a “Notes”.,Vegeu el model indicat a “Notes”.,Vegeu el model indicat a “Notes”.,Vegeu el model indicat a “Notes”.,Vegeu el model indicat a “Notes”.,—,—,—,Model regular (-ar).
U12,Catalan Culture & Community Events,Regular,-ar,participar,participant,participat,Exemple pendent de revisió.,Vegeu el model indicat a “Notes”.,Vegeu el model indicat a “Notes”.,Vegeu el model indicat a “Notes”.,Vegeu el model indicat a “Notes”.,Vegeu el model indicat a “Notes”.,Vegeu el model indicat a “Notes”.,Vegeu el model indicat a “Notes”.,Vegeu el model indicat a “Notes”.,—,—,—,Model regular (-ar).
U12,Catalan Culture & Community Events,Regular,-ar,presentar,presentant,presentat,Exemple pendent de revisió.,Vegeu el model indicat a “Notes”.,Vegeu el model indicat a “Notes”.,Vegeu el model indicat a “Notes”.,Vegeu el model indicat a “Notes”.,Vegeu el model indicat a “Notes”.,Vegeu el model indicat a “Notes”.,Vegeu el model indicat a “Notes”.,Vegeu el model indicat a “Notes”.,—,—,—,Model regular (-ar).
U12,Catalan Culture & Community Events,Regular,-ar,presentar-se,presentant-se,presentat,Exemple pendent de revisió.,Vegeu el model indicat a “Notes”.,Vegeu el model indicat a “Notes”.,Vegeu el model indicat a “Notes”.,Vegeu el model indicat a “Notes”.,Vegeu el model indicat a “Notes”.,Vegeu el model indicat a “Notes”.,Vegeu el model indicat a “Notes”.,Vegeu el model indicat a “Notes”.,—,—,—,Model regular (-ar).
U12,Catalan Culture & Community Events,Regular,-ar,saludar,saludant,saludat,Exemple pendent de revisió.,Vegeu el model indicat a “Notes”.,Vegeu el model indicat a “Notes”.,Vegeu el model indicat a “Notes”.,Vegeu el model indicat a “Notes”.,Vegeu el model indicat a “Notes”.,Vegeu el model indicat a “Notes”.,Vegeu el model indicat a “Notes”.,Vegeu el model indicat a “Notes”.,—,—,—,Model regular (-ar).
U12,Catalan Culture & Community Events,Regular,-ar,trobar,trobant,trobat,Exemple pendent de revisió.,Vegeu el model indicat a “Notes”.,Vegeu el model indicat a “Notes”.,Vegeu el model indicat a “Notes”.,Vegeu el model indicat a “Notes”.,Vegeu el model indicat a “Notes”.,Vegeu el model indicat a “Notes”.,Vegeu el model indicat a “Notes”.,Vegeu el model indicat a “Notes”.,—,—,—,Model regular (-ar).
U12,Catalan Culture & Community Events,Regular,-ar,trobar-se,trobant-se,trobat,Exemple pendent de revisió.,Vegeu el model indicat a “Notes”.,Vegeu el model indicat a “Notes”.,Vegeu el model indicat a “Notes”.,Vegeu el model indicat a “Notes”.,Vegeu el model indicat a “Notes”.,Vegeu el model indicat a “Notes”.,Vegeu el model indicat a “Notes”.,Vegeu el model indicat a “Notes”.,—,—,—,Model regular (-ar).
U12,Catalan Culture & Community Events,Regular,-ar,visitar,visitant,visitat,Exemple pendent de revisió.,Vegeu el model indicat a “Notes”.,Vegeu el model indicat a “Notes”.,Vegeu el model indicat a “Notes”.,Vegeu el model indicat a “Notes”.,Vegeu el model indicat a “Notes”.,Vegeu el model indicat a “Notes”.,Vegeu el model indicat a “Notes”.,Vegeu el model indicat a “Notes”.,—,—,—,Model regular (-ar).
U12,Catalan Culture & Community Events,Irregular,-ir,entretenir,entretenint,entretingut,Aquest joc entreté els nens.,Vegeu el model indicat a “Notes”.,Vegeu el model indicat a “Notes”.,Vegeu el model indicat a “Notes”.,Vegeu el model indicat a “Notes”.,Vegeu el model indicat a “Notes”.,Vegeu el model indicat a “Notes”.,Vegeu el model indicat a “Notes”.,Vegeu el model indicat a “Notes”.,entretener,يسلّي,to entertain,Model irregular de tenir.
U12,Catalan Culture & Community Events,Regular,-ar,escoltar,escoltant,escoltat,Escolta bé la pregunta.,"jo: escolto
tu: escoltes
ell / ella / vostè: escolta
nosaltres: escoltem
vosaltres: escolteu
ells / elles / vostès: escolten","jo: he escoltat
tu: has escoltat
ell / ella / vostè: ha escoltat
nosaltres: hem escoltat
vosaltres: heu escoltat
ells / elles / vostès: han escoltat","jo: escoltava
tu: escoltaves
ell / ella / vostè: escoltava
nosaltres: escoltàvem
vosaltres: escoltàveu
ells / elles / vostès: escoltaven","jo: vaig escoltar
tu: vas escoltar
ell / ella / vostè: va escoltar
nosaltres: vam escoltar
vosaltres: vau escoltar
ells / elles / vostès: van escoltar","jo: escoltaré
tu: escoltaràs
ell / ella / vostè: escoltarà
nosaltres: escoltarem
vosaltres: escoltareu
ells / elles / vostès: escoltaran","jo: escoltaria
tu: escoltaries
ell / ella / vostè: escoltaria
nosaltres: escoltaríem
vosaltres: escoltaríeu
ells / elles / vostès: escoltarien","escolta
escolti
escoltem
escolteu
escoltin","jo: escolti
tu: escoltis
ell / ella / vostè: escolti
nosaltres: escoltem
vosaltres: escolteu
ells / elles / vostès: escoltin",escuchar,,to listen,
U12,Catalan Culture & Community Events,Regular,-ar,relacionar-se,relacionant-se,relacionat,Li costa relacionar-se amb gent nova.,Vegeu el model indicat a “Notes”.,Vegeu el model indicat a “Notes”.,Vegeu el model indicat a “Notes”.,Vegeu el model indicat a “Notes”.,Vegeu el model indicat a “Notes”.,Vegeu el model indicat a “Notes”.,Vegeu el model indicat a “Notes”.,Vegeu el model indicat a “Notes”.,relacionarse,,to interact; socialize,Model regular (-ar) amb pronoms febles.
U12,Catalan Culture & Community Events,Regular,-ar,excusar-se,excusant-se,excusat,S’ha excusat pel retard.,Vegeu el model indicat a “Notes”.,Vegeu el model indicat a “Notes”.,Vegeu el model indicat a “Notes”.,Vegeu el model indicat a “Notes”.,Vegeu el model indicat a “Notes”.,Vegeu el model indicat a “Notes”.,Vegeu el model indicat a “Notes”.,Vegeu el model indicat a “Notes”.,disculparse,,to apologize,Model regular (-ar) amb pronoms febles.
U12,Catalan Culture & Community Events,Regular,-ar,invitar,invitant,invitat,Vull invitar els amics a sopar.,"jo: invito
tu: invites
ell / ella / vostè: invita
nosaltres: invitem
vosaltres: inviteu
ells / elles / vostès: inviten","jo: he invitat
tu: has invitat
ell / ella / vostè: ha invitat
nosaltres: hem invitat
vosaltres: heu invitat
ells / elles / vostès: han invitat","jo: invitava
tu: invitaves
ell / ella / vostè: invitava
nosaltres: invitàvem
vosaltres: invitàveu
ells / elles / vostès: invitaven","jo: vaig invitar
tu: vas invitar
ell / ella / vostè: va invitar
nosaltres: vam invitar
vosaltres: vau invitar
ells / elles / vostès: van invitar","jo: invitaré
tu: invitaràs
ell / ella / vostè: invitarà
nosaltres: invitarem
vosaltres: invitareu
ells / elles / vostès: invitaran","jo: invitaria
tu: invitaries
ell / ella / vostè: invitaria
nosaltres: invitaríem
vosaltres: invitaríeu
ells / elles / vostès: invitarien","invita
inviti
invitem
inviteu
invitin","jo: inviti
tu: invitis
ell / ella / vostè: inviti
nosaltres: invitem
vosaltres: inviteu
ells / elles / vostès: invitin",invitar,,to invite,
U13,"Body, Accidents & Recovery",Irregular,-ir,morir,morint,mort,Les plantes moren sense aigua.,,,,,,,,,morir,يموت,to die,
U13,"Body, Accidents & Recovery",Irregular,-ir,tossir,tossint,tossit,"Quan té refredat, tus molt.",Vegeu el model indicat a “Notes”.,Vegeu el model indicat a “Notes”.,Vegeu el model indicat a “Notes”.,Vegeu el model indicat a “Notes”.,Vegeu el model indicat a “Notes”.,Vegeu el model indicat a “Notes”.,Vegeu el model indicat a “Notes”.,Vegeu el model indicat a “Notes”.,toser,يسعل,to cough,
U13,"Body, Accidents & Recovery",Regular,-ir,ajupir-se,ajupint-se,ajupit,Exemple pendent de revisió.,Vegeu el model indicat a “Notes”.,Vegeu el model indicat a “Notes”.,Vegeu el model indicat a “Notes”.,Vegeu el model indicat a “Notes”.,Vegeu el model indicat a “Notes”.,Vegeu el model indicat a “Notes”.,Vegeu el model indicat a “Notes”.,Vegeu el model indicat a “Notes”.,—,—,—,Model regular (-ir).
U13,"Body, Accidents & Recovery",Regular,-ar,cansar-se,cansant-se,cansat,Exemple pendent de revisió.,Vegeu el model indicat a “Notes”.,Vegeu el model indicat a “Notes”.,Vegeu el model indicat a “Notes”.,Vegeu el model indicat a “Notes”.,Vegeu el model indicat a “Notes”.,Vegeu el model indicat a “Notes”.,Vegeu el model indicat a “Notes”.,Vegeu el model indicat a “Notes”.,—,—,—,Model regular (-ar).
U13,"Body, Accidents & Recovery",Regular,-ar,descansar,descansant,descansat,Exemple pendent de revisió.,Vegeu el model indicat a “Notes”.,Vegeu el model indicat a “Notes”.,Vegeu el model indicat a “Notes”.,Vegeu el model indicat a “Notes”.,Vegeu el model indicat a “Notes”.,Vegeu el model indicat a “Notes”.,Vegeu el model indicat a “Notes”.,Vegeu el model indicat a “Notes”.,—,—,—,Model regular (-ar).
U13,"Body, Accidents & Recovery",Regular,-ar,despertar-se,despertant-se,despertat,Exemple pendent de revisió.,Vegeu el model indicat a “Notes”.,Vegeu el model indicat a “Notes”.,Vegeu el model indicat a “Notes”.,Vegeu el model indicat a “Notes”.,Vegeu el model indicat a “Notes”.,Vegeu el model indicat a “Notes”.,Vegeu el model indicat a “Notes”.,Vegeu el model indicat a “Notes”.,—,—,—,Model regular (-ar).
U13,"Body, Accidents & Recovery",Irregular,-ir,dormir,dormint,dormit,Exemple pendent de revisió.,Vegeu el model indicat a “Notes”.,Vegeu el model indicat a “Notes”.,Vegeu el model indicat a “Notes”.,Vegeu el model indicat a “Notes”.,Vegeu el model indicat a “Notes”.,Vegeu el model indicat a “Notes”.,Vegeu el model indicat a “Notes”.,Vegeu el model indicat a “Notes”.,—,—,—,Revisar model irregular.
U13,"Body, Accidents & Recovery",Regular,-ar,dutxar-se,dutxant-se,dutxat,Exemple pendent de revisió.,Vegeu el model indicat a “Notes”.,Vegeu el model indicat a “Notes”.,Vegeu el model indicat a “Notes”.,Vegeu el model indicat a “Notes”.,Vegeu el model indicat a “Notes”.,Vegeu el model indicat a “Notes”.,Vegeu el model indicat a “Notes”.,Vegeu el model indicat a “Notes”.,—,—,—,Model regular (-ar).
U13,"Body, Accidents & Recovery",Regular,-ar,estirar-se,estirant-se,estirat,Exemple pendent de revisió.,Vegeu el model indicat a “Notes”.,Vegeu el model indicat a “Notes”.,Vegeu el model indicat a “Notes”.,Vegeu el model indicat a “Notes”.,Vegeu el model indicat a “Notes”.,Vegeu el model indicat a “Notes”.,Vegeu el model indicat a “Notes”.,Vegeu el model indicat a “Notes”.,—,—,—,Model regular (-ar).
U13,"Body, Accidents & Recovery",Regular,-ar,inclinar-se,inclinant-se,inclinat,Exemple pendent de revisió.,Vegeu el model indicat a “Notes”.,Vegeu el model indicat a “Notes”.,Vegeu el model indicat a “Notes”.,Vegeu el model indicat a “Notes”.,Vegeu el model indicat a “Notes”.,Vegeu el model indicat a “Notes”.,Vegeu el model indicat a “Notes”.,Vegeu el model indicat a “Notes”.,—,—,—,Model regular (-ar).
U13,"Body, Accidents & Recovery",Regular,-ar,pentinar-se,pentinant-se,pentinat,Exemple pendent de revisió.,Vegeu el model indicat a “Notes”.,Vegeu el model indicat a “Notes”.,Vegeu el model indicat a “Notes”.,Vegeu el model indicat a “Notes”.,Vegeu el model indicat a “Notes”.,Vegeu el model indicat a “Notes”.,Vegeu el model indicat a “Notes”.,Vegeu el model indicat a “Notes”.,—,—,—,Model regular (-ar).
U13,"Body, Accidents & Recovery",Regular,-ar,rentar-se,rentant-se,rentat,Exemple pendent de revisió.,Vegeu el model indicat a “Notes”.,Vegeu el model indicat a “Notes”.,Vegeu el model indicat a “Notes”.,Vegeu el model indicat a “Notes”.,Vegeu el model indicat a “Notes”.,Vegeu el model indicat a “Notes”.,Vegeu el model indicat a “Notes”.,Vegeu el model indicat a “Notes”.,—,—,—,Model regular (-ar).
U13,"Body, Accidents & Recovery",Irregular,-ir,sentir-se,sentint-se,sentit,Exemple pendent de revisió.,Vegeu el model indicat a “Notes”.,Vegeu el model indicat a “Notes”.,Vegeu el model indicat a “Notes”.,Vegeu el model indicat a “Notes”.,Vegeu el model indicat a “Notes”.,Vegeu el model indicat a “Notes”.,Vegeu el model indicat a “Notes”.,Vegeu el model indicat a “Notes”.,—,—,—,Revisar model irregular.
U13,"Body, Accidents & Recovery",Regular,-ar,procurar,procurant,procurat,Procura descansar una mica.,"jo: procuro
tu: procures
ell / ella / vostè: procura
nosaltres: procurem
vosaltres: procureu
ells / elles / vostès: procuren","jo: he procurat
tu: has procurat
ell / ella / vostè: ha procurat
nosaltres: hem procurat
vosaltres: heu procurat
ells / elles / vostès: han procurat","jo: procurava
tu: procuraves
ell / ella / vostè: procurava
nosaltres: procuràvem
vosaltres: procuràveu
ells / elles / vostès: procuraven","jo: vaig procurar
tu: vas procurar
ell / ella / vostè: va procurar
nosaltres: vam procurar
vosaltres: vau procurar
ells / elles / vostès: van procurar","jo: procuraré
tu: procuraràs
ell / ella / vostè: procurarà
nosaltres: procurarem
vosaltres: procurareu
ells / elles / vostès: procuraran","jo: procuraria
tu: procuraries
ell / ella / vostè: procuraria
nosaltres: procuraríem
vosaltres: procuraríeu
ells / elles / vostès: procurarien","procura
procuri
procurem
procureu
procurin","jo: procuri
tu: procuris
ell / ella / vostè: procuri
nosaltres: procurem
vosaltres: procureu
ells / elles / vostès: procurin",procurar,,to try; make sure,
U14,"Study, Goals & Progress",Regular,-er/-re,perdre,perdent,perdut,No vull perdre els apunts abans de l’examen.,"jo: perdo
tu: perds
ell / ella / vostè: perd
nosaltres: perdem
vosaltres: perdeu
ells / elles / vostès: perden","jo: he perdut
tu: has perdut
ell / ella / vostè: ha perdut
nosaltres: hem perdut
vosaltres: heu perdut
ells / elles / vostès: han perdut","jo: perdia
tu: perdies
ell / ella / vostè: perdia
nosaltres: perdíem
vosaltres: perdíeu
ells / elles / vostès: perdien","jo: vaig perdre
tu: vas perdre
ell / ella / vostè: va perdre
nosaltres: vam perdre
vosaltres: vau perdre
ells / elles / vostès: van perdre","jo: perdré
tu: perdràs
ell / ella / vostè: perdrà
nosaltres: perdrem
vosaltres: perdreu
ells / elles / vostès: perdran","jo: perdria
tu: perdries
ell / ella / vostè: perdria
nosaltres: perdríem
vosaltres: perdríeu
ells / elles / vostès: perdrien","perd
perdi
perdem
perdeu
perdin","jo: perdi
tu: perdis
ell / ella / vostè: perdi
nosaltres: perdem
vosaltres: perdeu
ells / elles / vostès: perdin",perder,يفقد,to lose,
U14,"Study, Goals & Progress",Irregular,-er/-re,atendre,atenent,atès,La dependenta atén els clients amb calma.,Vegeu el model indicat a “Notes”.,Vegeu el model indicat a “Notes”.,Vegeu el model indicat a “Notes”.,Vegeu el model indicat a “Notes”.,Vegeu el model indicat a “Notes”.,Vegeu el model indicat a “Notes”.,Vegeu el model indicat a “Notes”.,Vegeu el model indicat a “Notes”.,atender,يعتني؛ يخدم,to attend; assist,
U14,"Study, Goals & Progress",Irregular,-er/-re,confondre,confonent,confós,No confonguis ser i estar.,Vegeu el model indicat a “Notes”.,Vegeu el model indicat a “Notes”.,Vegeu el model indicat a “Notes”.,Vegeu el model indicat a “Notes”.,Vegeu el model indicat a “Notes”.,Vegeu el model indicat a “Notes”.,Vegeu el model indicat a “Notes”.,Vegeu el model indicat a “Notes”.,confundir,يربك,to confuse,
U14,"Study, Goals & Progress",Irregular,-er/-re,sorprendre,sorprenent,sorprès,La seva resposta m’ha sorprès.,Vegeu el model indicat a “Notes”.,Vegeu el model indicat a “Notes”.,Vegeu el model indicat a “Notes”.,Vegeu el model indicat a “Notes”.,Vegeu el model indicat a “Notes”.,Vegeu el model indicat a “Notes”.,Vegeu el model indicat a “Notes”.,Vegeu el model indicat a “Notes”.,sorprender,يفاجئ,to surprise,
U14,"Study, Goals & Progress",Irregular,-er/-re,vendre,venent,venut,Volen vendre el cotxe.,Vegeu el model indicat a “Notes”.,Vegeu el model indicat a “Notes”.,Vegeu el model indicat a “Notes”.,Vegeu el model indicat a “Notes”.,Vegeu el model indicat a “Notes”.,Vegeu el model indicat a “Notes”.,Vegeu el model indicat a “Notes”.,Vegeu el model indicat a “Notes”.,vender,يبيع,to sell,
U14,"Study, Goals & Progress",Irregular,-ir,complir,complint,complert,Ha complert la seva promesa.,,,,,,,,,cumplir,يوفي؛ ينجز,to fulfill,
U14,"Study, Goals & Progress",Irregular,-ir,escollir,escollint,escollit,Pots escollir entre dues opcions.,Vegeu el model indicat a “Notes”.,Vegeu el model indicat a “Notes”.,Vegeu el model indicat a “Notes”.,Vegeu el model indicat a “Notes”.,Vegeu el model indicat a “Notes”.,Vegeu el model indicat a “Notes”.,Vegeu el model indicat a “Notes”.,Vegeu el model indicat a “Notes”.,escoger,يختار,to choose,
U14,"Study, Goals & Progress",Regular,-ar,acabar,acabant,acabat,Exemple pendent de revisió.,Vegeu el model indicat a “Notes”.,Vegeu el model indicat a “Notes”.,Vegeu el model indicat a “Notes”.,Vegeu el model indicat a “Notes”.,Vegeu el model indicat a “Notes”.,Vegeu el model indicat a “Notes”.,Vegeu el model indicat a “Notes”.,Vegeu el model indicat a “Notes”.,—,—,—,Model regular (-ar).
U14,"Study, Goals & Progress",Regular,-ir,aconseguir,aconseguint,aconseguit,Exemple pendent de revisió.,Vegeu el model indicat a “Notes”.,Vegeu el model indicat a “Notes”.,Vegeu el model indicat a “Notes”.,Vegeu el model indicat a “Notes”.,Vegeu el model indicat a “Notes”.,Vegeu el model indicat a “Notes”.,Vegeu el model indicat a “Notes”.,Vegeu el model indicat a “Notes”.,—,—,—,Model regular (-ir).
U14,"Study, Goals & Progress",Regular,-ar,adonar-se,adonant-se,adonat,Exemple pendent de revisió.,Vegeu el model indicat a “Notes”.,Vegeu el model indicat a “Notes”.,Vegeu el model indicat a “Notes”.,Vegeu el model indicat a “Notes”.,Vegeu el model indicat a “Notes”.,Vegeu el model indicat a “Notes”.,Vegeu el model indicat a “Notes”.,Vegeu el model indicat a “Notes”.,—,—,—,Model regular (-ar).
U14,"Study, Goals & Progress",Regular,-ar,analitzar,analitzant,analitzat,Exemple pendent de revisió.,Vegeu el model indicat a “Notes”.,Vegeu el model indicat a “Notes”.,Vegeu el model indicat a “Notes”.,Vegeu el model indicat a “Notes”.,Vegeu el model indicat a “Notes”.,Vegeu el model indicat a “Notes”.,Vegeu el model indicat a “Notes”.,Vegeu el model indicat a “Notes”.,—,—,—,Model regular (-ar).
U14,"Study, Goals & Progress",Regular,-ar,canviar,canviant,canviat,Exemple pendent de revisió.,Vegeu el model indicat a “Notes”.,Vegeu el model indicat a “Notes”.,Vegeu el model indicat a “Notes”.,Vegeu el model indicat a “Notes”.,Vegeu el model indicat a “Notes”.,Vegeu el model indicat a “Notes”.,Vegeu el model indicat a “Notes”.,Vegeu el model indicat a “Notes”.,—,—,—,Model regular (-ar).
U14,"Study, Goals & Progress",Regular,-ar,començar,començant,començat,Exemple pendent de revisió.,Vegeu el model indicat a “Notes”.,Vegeu el model indicat a “Notes”.,Vegeu el model indicat a “Notes”.,Vegeu el model indicat a “Notes”.,Vegeu el model indicat a “Notes”.,Vegeu el model indicat a “Notes”.,Vegeu el model indicat a “Notes”.,Vegeu el model indicat a “Notes”.,—,—,—,Model regular (-ar).
U14,"Study, Goals & Progress",Regular,-ar,completar,completant,completat,Exemple pendent de revisió.,Vegeu el model indicat a “Notes”.,Vegeu el model indicat a “Notes”.,Vegeu el model indicat a “Notes”.,Vegeu el model indicat a “Notes”.,Vegeu el model indicat a “Notes”.,Vegeu el model indicat a “Notes”.,Vegeu el model indicat a “Notes”.,Vegeu el model indicat a “Notes”.,—,—,—,Model regular (-ar).
U14,"Study, Goals & Progress",Regular,-ir,construir,construint,construit,Exemple pendent de revisió.,Vegeu el model indicat a “Notes”.,Vegeu el model indicat a “Notes”.,Vegeu el model indicat a “Notes”.,Vegeu el model indicat a “Notes”.,Vegeu el model indicat a “Notes”.,Vegeu el model indicat a “Notes”.,Vegeu el model indicat a “Notes”.,Vegeu el model indicat a “Notes”.,—,—,—,Model regular (-ir).
U14,"Study, Goals & Progress",Regular,-ar,controlar,controlant,controlat,Exemple pendent de revisió.,Vegeu el model indicat a “Notes”.,Vegeu el model indicat a “Notes”.,Vegeu el model indicat a “Notes”.,Vegeu el model indicat a “Notes”.,Vegeu el model indicat a “Notes”.,Vegeu el model indicat a “Notes”.,Vegeu el model indicat a “Notes”.,Vegeu el model indicat a “Notes”.,—,—,—,Model regular (-ar).
U14,"Study, Goals & Progress",Regular,-ir,convertir-se,convertint-se,convertit,Exemple pendent de revisió.,Vegeu el model indicat a “Notes”.,Vegeu el model indicat a “Notes”.,Vegeu el model indicat a “Notes”.,Vegeu el model indicat a “Notes”.,Vegeu el model indicat a “Notes”.,Vegeu el model indicat a “Notes”.,Vegeu el model indicat a “Notes”.,Vegeu el model indicat a “Notes”.,—,—,—,Model regular (-ir).
U14,"Study, Goals & Progress",Regular,-ar,crear,creant,creat,Exemple pendent de revisió.,Vegeu el model indicat a “Notes”.,Vegeu el model indicat a “Notes”.,Vegeu el model indicat a “Notes”.,Vegeu el model indicat a “Notes”.,Vegeu el model indicat a “Notes”.,Vegeu el model indicat a “Notes”.,Vegeu el model indicat a “Notes”.,Vegeu el model indicat a “Notes”.,—,—,—,Model regular (-ar).
U14,"Study, Goals & Progress",Regular,-ir,decidir,decidint,decidit,Exemple pendent de revisió.,Vegeu el model indicat a “Notes”.,Vegeu el model indicat a “Notes”.,Vegeu el model indicat a “Notes”.,Vegeu el model indicat a “Notes”.,Vegeu el model indicat a “Notes”.,Vegeu el model indicat a “Notes”.,Vegeu el model indicat a “Notes”.,Vegeu el model indicat a “Notes”.,—,—,—,Model regular (-ir).
U14,"Study, Goals & Progress",Regular,-ir,descobrir,descobrint,descobrit,Exemple pendent de revisió.,Vegeu el model indicat a “Notes”.,Vegeu el model indicat a “Notes”.,Vegeu el model indicat a “Notes”.,Vegeu el model indicat a “Notes”.,Vegeu el model indicat a “Notes”.,Vegeu el model indicat a “Notes”.,Vegeu el model indicat a “Notes”.,Vegeu el model indicat a “Notes”.,—,—,—,Model regular (-ir).
U14,"Study, Goals & Progress",Regular,-ir,dirigir,dirigint,dirigit,Exemple pendent de revisió.,Vegeu el model indicat a “Notes”.,Vegeu el model indicat a “Notes”.,Vegeu el model indicat a “Notes”.,Vegeu el model indicat a “Notes”.,Vegeu el model indicat a “Notes”.,Vegeu el model indicat a “Notes”.,Vegeu el model indicat a “Notes”.,Vegeu el model indicat a “Notes”.,—,—,—,Model regular (-ir).
U14,"Study, Goals & Progress",Regular,-ar,durar,durant,durat,Exemple pendent de revisió.,Vegeu el model indicat a “Notes”.,Vegeu el model indicat a “Notes”.,Vegeu el model indicat a “Notes”.,Vegeu el model indicat a “Notes”.,Vegeu el model indicat a “Notes”.,Vegeu el model indicat a “Notes”.,Vegeu el model indicat a “Notes”.,Vegeu el model indicat a “Notes”.,—,—,—,Model regular (-ar).
U14,"Study, Goals & Progress",Regular,-ar,equivocar-se,equivocant-se,equivocat,Exemple pendent de revisió.,Vegeu el model indicat a “Notes”.,Vegeu el model indicat a “Notes”.,Vegeu el model indicat a “Notes”.,Vegeu el model indicat a “Notes”.,Vegeu el model indicat a “Notes”.,Vegeu el model indicat a “Notes”.,Vegeu el model indicat a “Notes”.,Vegeu el model indicat a “Notes”.,—,—,—,Model regular (-ar).
U14,"Study, Goals & Progress",Regular,-ar,estudiar,estudiant,estudiat,Exemple pendent de revisió.,Vegeu el model indicat a “Notes”.,Vegeu el model indicat a “Notes”.,Vegeu el model indicat a “Notes”.,Vegeu el model indicat a “Notes”.,Vegeu el model indicat a “Notes”.,Vegeu el model indicat a “Notes”.,Vegeu el model indicat a “Notes”.,Vegeu el model indicat a “Notes”.,—,—,—,Model regular (-ar).
U14,"Study, Goals & Progress",Regular,-ir,existir,existint,existit,Exemple pendent de revisió.,Vegeu el model indicat a “Notes”.,Vegeu el model indicat a “Notes”.,Vegeu el model indicat a “Notes”.,Vegeu el model indicat a “Notes”.,Vegeu el model indicat a “Notes”.,Vegeu el model indicat a “Notes”.,Vegeu el model indicat a “Notes”.,Vegeu el model indicat a “Notes”.,—,—,—,Model regular (-ir).
U14,"Study, Goals & Progress",Irregular,-er/-re,fer-se,fent-se,fut,Exemple pendent de revisió.,Vegeu el model indicat a “Notes”.,Vegeu el model indicat a “Notes”.,Vegeu el model indicat a “Notes”.,Vegeu el model indicat a “Notes”.,Vegeu el model indicat a “Notes”.,Vegeu el model indicat a “Notes”.,Vegeu el model indicat a “Notes”.,Vegeu el model indicat a “Notes”.,—,—,—,Revisar model irregular.
U14,"Study, Goals & Progress",Regular,-ar,funcionar,funcionant,funcionat,Exemple pendent de revisió.,Vegeu el model indicat a “Notes”.,Vegeu el model indicat a “Notes”.,Vegeu el model indicat a “Notes”.,Vegeu el model indicat a “Notes”.,Vegeu el model indicat a “Notes”.,Vegeu el model indicat a “Notes”.,Vegeu el model indicat a “Notes”.,Vegeu el model indicat a “Notes”.,—,—,—,Model regular (-ar).
U14,"Study, Goals & Progress",Regular,-ar,guanyar,guanyant,guanyat,Exemple pendent de revisió.,Vegeu el model indicat a “Notes”.,Vegeu el model indicat a “Notes”.,Vegeu el model indicat a “Notes”.,Vegeu el model indicat a “Notes”.,Vegeu el model indicat a “Notes”.,Vegeu el model indicat a “Notes”.,Vegeu el model indicat a “Notes”.,Vegeu el model indicat a “Notes”.,—,—,—,Model regular (-ar).
U14,"Study, Goals & Progress",Regular,-ar,imaginar,imaginant,imaginat,Exemple pendent de revisió.,Vegeu el model indicat a “Notes”.,Vegeu el model indicat a “Notes”.,Vegeu el model indicat a “Notes”.,Vegeu el model indicat a “Notes”.,Vegeu el model indicat a “Notes”.,Vegeu el model indicat a “Notes”.,Vegeu el model indicat a “Notes”.,Vegeu el model indicat a “Notes”.,—,—,—,Model regular (-ar).
U14,"Study, Goals & Progress",Regular,-ar,imaginar-se,imaginant-se,imaginat,Exemple pendent de revisió.,Vegeu el model indicat a “Notes”.,Vegeu el model indicat a “Notes”.,Vegeu el model indicat a “Notes”.,Vegeu el model indicat a “Notes”.,Vegeu el model indicat a “Notes”.,Vegeu el model indicat a “Notes”.,Vegeu el model indicat a “Notes”.,Vegeu el model indicat a “Notes”.,—,—,—,Model regular (-ar).
U14,"Study, Goals & Progress",Regular,-ar,intentar,intentant,intentat,Exemple pendent de revisió.,Vegeu el model indicat a “Notes”.,Vegeu el model indicat a “Notes”.,Vegeu el model indicat a “Notes”.,Vegeu el model indicat a “Notes”.,Vegeu el model indicat a “Notes”.,Vegeu el model indicat a “Notes”.,Vegeu el model indicat a “Notes”.,Vegeu el model indicat a “Notes”.,—,—,—,Model regular (-ar).
U14,"Study, Goals & Progress",Regular,-ar,investigar,investigant,investigat,Exemple pendent de revisió.,Vegeu el model indicat a “Notes”.,Vegeu el model indicat a “Notes”.,Vegeu el model indicat a “Notes”.,Vegeu el model indicat a “Notes”.,Vegeu el model indicat a “Notes”.,Vegeu el model indicat a “Notes”.,Vegeu el model indicat a “Notes”.,Vegeu el model indicat a “Notes”.,—,—,—,Model regular (-ar).
U14,"Study, Goals & Progress",Regular,-ar,jugar,jugant,jugat,Exemple pendent de revisió.,Vegeu el model indicat a “Notes”.,Vegeu el model indicat a “Notes”.,Vegeu el model indicat a “Notes”.,Vegeu el model indicat a “Notes”.,Vegeu el model indicat a “Notes”.,Vegeu el model indicat a “Notes”.,Vegeu el model indicat a “Notes”.,Vegeu el model indicat a “Notes”.,—,—,—,Model regular (-ar).
U14,"Study, Goals & Progress",Regular,-ar,millorar,millorant,millorat,Exemple pendent de revisió.,Vegeu el model indicat a “Notes”.,Vegeu el model indicat a “Notes”.,Vegeu el model indicat a “Notes”.,Vegeu el model indicat a “Notes”.,Vegeu el model indicat a “Notes”.,Vegeu el model indicat a “Notes”.,Vegeu el model indicat a “Notes”.,Vegeu el model indicat a “Notes”.,—,—,—,Model regular (-ar).
U14,"Study, Goals & Progress",Regular,-ar,mirar,mirant,mirat,Exemple pendent de revisió.,Vegeu el model indicat a “Notes”.,Vegeu el model indicat a “Notes”.,Vegeu el model indicat a “Notes”.,Vegeu el model indicat a “Notes”.,Vegeu el model indicat a “Notes”.,Vegeu el model indicat a “Notes”.,Vegeu el model indicat a “Notes”.,Vegeu el model indicat a “Notes”.,—,—,—,Model regular (-ar).
U14,"Study, Goals & Progress",Regular,-ar,necessitar,necessitant,necessitat,Exemple pendent de revisió.,Vegeu el model indicat a “Notes”.,Vegeu el model indicat a “Notes”.,Vegeu el model indicat a “Notes”.,Vegeu el model indicat a “Notes”.,Vegeu el model indicat a “Notes”.,Vegeu el model indicat a “Notes”.,Vegeu el model indicat a “Notes”.,Vegeu el model indicat a “Notes”.,—,—,—,Model regular (-ar).
U14,"Study, Goals & Progress",Regular,-ar,organitzar,organitzant,organitzat,Exemple pendent de revisió.,Vegeu el model indicat a “Notes”.,Vegeu el model indicat a “Notes”.,Vegeu el model indicat a “Notes”.,Vegeu el model indicat a “Notes”.,Vegeu el model indicat a “Notes”.,Vegeu el model indicat a “Notes”.,Vegeu el model indicat a “Notes”.,Vegeu el model indicat a “Notes”.,—,—,—,Model regular (-ar).
U14,"Study, Goals & Progress",Regular,-ar,passar,passant,passat,Exemple pendent de revisió.,Vegeu el model indicat a “Notes”.,Vegeu el model indicat a “Notes”.,Vegeu el model indicat a “Notes”.,Vegeu el model indicat a “Notes”.,Vegeu el model indicat a “Notes”.,Vegeu el model indicat a “Notes”.,Vegeu el model indicat a “Notes”.,Vegeu el model indicat a “Notes”.,—,—,—,Model regular (-ar).
U14,"Study, Goals & Progress",Regular,-ar,planificar,planificant,planificat,Exemple pendent de revisió.,Vegeu el model indicat a “Notes”.,Vegeu el model indicat a “Notes”.,Vegeu el model indicat a “Notes”.,Vegeu el model indicat a “Notes”.,Vegeu el model indicat a “Notes”.,Vegeu el model indicat a “Notes”.,Vegeu el model indicat a “Notes”.,Vegeu el model indicat a “Notes”.,—,—,—,Model regular (-ar).
U14,"Study, Goals & Progress",Regular,-ar,practicar,practicant,practicat,Exemple pendent de revisió.,Vegeu el model indicat a “Notes”.,Vegeu el model indicat a “Notes”.,Vegeu el model indicat a “Notes”.,Vegeu el model indicat a “Notes”.,Vegeu el model indicat a “Notes”.,Vegeu el model indicat a “Notes”.,Vegeu el model indicat a “Notes”.,Vegeu el model indicat a “Notes”.,—,—,—,Model regular (-ar).
U14,"Study, Goals & Progress",Regular,-ir,produir,produint,produit,Exemple pendent de revisió.,Vegeu el model indicat a “Notes”.,Vegeu el model indicat a “Notes”.,Vegeu el model indicat a “Notes”.,Vegeu el model indicat a “Notes”.,Vegeu el model indicat a “Notes”.,Vegeu el model indicat a “Notes”.,Vegeu el model indicat a “Notes”.,Vegeu el model indicat a “Notes”.,—,—,—,Model regular (-ir).
U14,"Study, Goals & Progress",Regular,-ar,quedar,quedant,quedat,Exemple pendent de revisió.,Vegeu el model indicat a “Notes”.,Vegeu el model indicat a “Notes”.,Vegeu el model indicat a “Notes”.,Vegeu el model indicat a “Notes”.,Vegeu el model indicat a “Notes”.,Vegeu el model indicat a “Notes”.,Vegeu el model indicat a “Notes”.,Vegeu el model indicat a “Notes”.,—,—,—,Model regular (-ar).
U14,"Study, Goals & Progress",Regular,-ar,revisar,revisant,revisat,Exemple pendent de revisió.,Vegeu el model indicat a “Notes”.,Vegeu el model indicat a “Notes”.,Vegeu el model indicat a “Notes”.,Vegeu el model indicat a “Notes”.,Vegeu el model indicat a “Notes”.,Vegeu el model indicat a “Notes”.,Vegeu el model indicat a “Notes”.,Vegeu el model indicat a “Notes”.,—,—,—,Model regular (-ar).
U14,"Study, Goals & Progress",Regular,-ar,treballar,treballant,treballat,Exemple pendent de revisió.,Vegeu el model indicat a “Notes”.,Vegeu el model indicat a “Notes”.,Vegeu el model indicat a “Notes”.,Vegeu el model indicat a “Notes”.,Vegeu el model indicat a “Notes”.,Vegeu el model indicat a “Notes”.,Vegeu el model indicat a “Notes”.,Vegeu el model indicat a “Notes”.,—,—,—,Model regular (-ar).
U14,"Study, Goals & Progress",Regular,-ar,utilitzar,utilitzant,utilitzat,Exemple pendent de revisió.,Vegeu el model indicat a “Notes”.,Vegeu el model indicat a “Notes”.,Vegeu el model indicat a “Notes”.,Vegeu el model indicat a “Notes”.,Vegeu el model indicat a “Notes”.,Vegeu el model indicat a “Notes”.,Vegeu el model indicat a “Notes”.,Vegeu el model indicat a “Notes”.,—,—,—,Model regular (-ar).
U14,"Study, Goals & Progress",Irregular,-ir,acomplir,acomplint,acomplert,Hem d’acomplir els objectius del curs.,"jo: acompleixo
tu: acompleixes
ell / ella / vostè: acompleix
nosaltres: acomplim
vosaltres: acompliu
ells / elles / vostès: acompleixen","jo: he acomplert
tu: has acomplert
ell / ella / vostè: ha acomplert
nosaltres: hem acomplert
vosaltres: heu acomplert
ells / elles / vostès: han acomplert","jo: acomplia
tu: acomplies
ell / ella / vostè: acomplia
nosaltres: acomplíem
vosaltres: acomplíeu
ells / elles / vostès: acomplien","jo: vaig acomplir
tu: vas acomplir
ell / ella / vostè: va acomplir
nosaltres: vam acomplir
vosaltres: vau acomplir
ells / elles / vostès: van acomplir","jo: acompliré
tu: acompliràs
ell / ella / vostè: acomplirà
nosaltres: acomplirem
vosaltres: acomplireu
ells / elles / vostès: acompliran","jo: acompliria
tu: acompliries
ell / ella / vostè: acompliria
nosaltres: acompliríem
vosaltres: acompliríeu
ells / elles / vostès: acomplirien","acompleix
acompleixi
acomplim
acompliu
acompleixin","jo: acompleixi
tu: acompleixis
ell / ella / vostè: acompleixi
nosaltres: acomplim
vosaltres: acompliu
ells / elles / vostès: acompleixin",cumplir; llevar a cabo,,to fulfill; accomplish,
U14,"Study, Goals & Progress",Regular,-ar,desenvolupar,desenvolupant,desenvolupat,Volen desenvolupar un projecte nou.,"jo: desenvolupo
tu: desenvolupes
ell / ella / vostè: desenvolupa
nosaltres: desenvolupem
vosaltres: desenvolupeu
ells / elles / vostès: desenvolupen","jo: he desenvolupat
tu: has desenvolupat
ell / ella / vostè: ha desenvolupat
nosaltres: hem desenvolupat
vosaltres: heu desenvolupat
ells / elles / vostès: han desenvolupat","jo: desenvolupava
tu: desenvolupaves
ell / ella / vostè: desenvolupava
nosaltres: desenvolupàvem
vosaltres: desenvolupàveu
ells / elles / vostès: desenvolupaven","jo: vaig desenvolupar
tu: vas desenvolupar
ell / ella / vostè: va desenvolupar
nosaltres: vam desenvolupar
vosaltres: vau desenvolupar
ells / elles / vostès: van desenvolupar","jo: desenvoluparé
tu: desenvoluparàs
ell / ella / vostè: desenvoluparà
nosaltres: desenvoluparem
vosaltres: desenvolupareu
ells / elles / vostès: desenvoluparan","jo: desenvoluparia
tu: desenvoluparies
ell / ella / vostè: desenvoluparia
nosaltres: desenvoluparíem
vosaltres: desenvoluparíeu
ells / elles / vostès: desenvoluparien","desenvolupa
desenvolupi
desenvolupem
desenvolupeu
desenvolupin","jo: desenvolupi
tu: desenvolupis
ell / ella / vostè: desenvolupi
nosaltres: desenvolupem
vosaltres: desenvolupeu
ells / elles / vostès: desenvolupin",desarrollar,,to develop,
U14,"Study, Goals & Progress",Regular,-ar,aprovar,aprovant,aprovat,Espero aprovar l’examen.,"jo: aprovo
tu: aproves
ell / ella / vostè: aprova
nosaltres: aprovem
vosaltres: aproveu
ells / elles / vostès: aproven","jo: he aprovat
tu: has aprovat
ell / ella / vostè: ha aprovat
nosaltres: hem aprovat
vosaltres: heu aprovat
ells / elles / vostès: han aprovat","jo: aprovava
tu: aprovaves
ell / ella / vostè: aprovava
nosaltres: aprovàvem
vosaltres: aprovàveu
ells / elles / vostès: aprovaven","jo: vaig aprovar
tu: vas aprovar
ell / ella / vostè: va aprovar
nosaltres: vam aprovar
vosaltres: vau aprovar
ells / elles / vostès: van aprovar","jo: aprovaré
tu: aprovaràs
ell / ella / vostè: aprovarà
nosaltres: aprovarem
vosaltres: aprovareu
ells / elles / vostès: aprovaran","jo: aprovaria
tu: aprovaries
ell / ella / vostè: aprovaria
nosaltres: aprovaríem
vosaltres: aprovaríeu
ells / elles / vostès: aprovarien","aprova
aprovi
aprovem
aproveu
aprovin","jo: aprovi
tu: aprovis
ell / ella / vostè: aprovi
nosaltres: aprovem
vosaltres: aproveu
ells / elles / vostès: aprovin",aprobar,,to pass; approve,
U14,"Study, Goals & Progress",Regular,-ar,cursar,cursant,cursat,Ara cursa un màster.,"jo: curso
tu: curses
ell / ella / vostè: cursa
nosaltres: cursem
vosaltres: curseu
ells / elles / vostès: cursen","jo: he cursat
tu: has cursat
ell / ella / vostè: ha cursat
nosaltres: hem cursat
vosaltres: heu cursat
ells / elles / vostès: han cursat","jo: cursava
tu: cursaves
ell / ella / vostè: cursava
nosaltres: cursàvem
vosaltres: cursàveu
ells / elles / vostès: cursaven","jo: vaig cursar
tu: vas cursar
ell / ella / vostè: va cursar
nosaltres: vam cursar
vosaltres: vau cursar
ells / elles / vostès: van cursar","jo: cursaré
tu: cursaràs
ell / ella / vostè: cursarà
nosaltres: cursarem
vosaltres: cursareu
ells / elles / vostès: cursaran","jo: cursaria
tu: cursaries
ell / ella / vostè: cursaria
nosaltres: cursaríem
vosaltres: cursaríeu
ells / elles / vostès: cursarien","cursa
cursi
cursem
curseu
cursin","jo: cursi
tu: cursis
ell / ella / vostè: cursi
nosaltres: cursem
vosaltres: curseu
ells / elles / vostès: cursin",cursar,,to study; take,
U14,"Study, Goals & Progress",Irregular,-ir,mantenir,mantenint,mantingut,Cal mantenir el ritme d’estudi.,"jo: mantinc
tu: mantens
ell / ella / vostè: manté
nosaltres: mantenim
vosaltres: manteniu
ells / elles / vostès: mantenen","jo: he mantingut
tu: has mantingut
ell / ella / vostè: ha mantingut
nosaltres: hem mantingut
vosaltres: heu mantingut
ells / elles / vostès: han mantingut","jo: mantenia
tu: mantenies
ell / ella / vostè: mantenia
nosaltres: manteníem
vosaltres: manteníeu
ells / elles / vostès: mantenien","jo: vaig mantenir
tu: vas mantenir
ell / ella / vostè: va mantenir
nosaltres: vam mantenir
vosaltres: vau mantenir
ells / elles / vostès: van mantenir","jo: mantindré
tu: mantindràs
ell / ella / vostè: mantindrà
nosaltres: mantindrem
vosaltres: mantindreu
ells / elles / vostès: mantindran","jo: mantindria
tu: mantindries
ell / ella / vostè: mantindria
nosaltres: mantindríem
vosaltres: mantindríeu
ells / elles / vostès: mantindrien","mantén
mantingui
mantinguem
manteniu
mantinguin","jo: mantingui
tu: mantinguis
ell / ella / vostè: mantingui
nosaltres: mantinguem
vosaltres: mantingueu
ells / elles / vostès: mantinguin",mantener,,to maintain,
U14,"Study, Goals & Progress",Regular,-ar,plegar,plegant,plegat,Avui plego a les sis.,"jo: plego
tu: pleges
ell / ella / vostè: plega
nosaltres: plegem
vosaltres: plegeu
ells / elles / vostès: plegen","jo: he plegat
tu: has plegat
ell / ella / vostè: ha plegat
nosaltres: hem plegat
vosaltres: heu plegat
ells / elles / vostès: han plegat","jo: plegava
tu: plegaves
ell / ella / vostè: plegava
nosaltres: plegàvem
vosaltres: plegàveu
ells / elles / vostès: plegaven","jo: vaig plegar
tu: vas plegar
ell / ella / vostè: va plegar
nosaltres: vam plegar
vosaltres: vau plegar
ells / elles / vostès: van plegar","jo: plegaré
tu: plegaràs
ell / ella / vostè: plegarà
nosaltres: plegarem
vosaltres: plegareu
ells / elles / vostès: plegaran","jo: plegaria
tu: plegaries
ell / ella / vostè: plegaria
nosaltres: plegaríem
vosaltres: plegaríeu
ells / elles / vostès: plegarien","plega
plegui
pleguem
plegeu
pleguin","jo: plegui
tu: pleguis
ell / ella / vostè: plegui
nosaltres: pleguem
vosaltres: plegueu
ells / elles / vostès: pleguin",terminar; dejar el trabajo,,to finish work; stop,
